а	conj	7283.0
абсолютно	adv	115.7
абсолютный	a	51.8
авария	s	42.7
август	s	145.9
авиакомпания	s	23.6
авиационный	a	49.2
авиация	s	60.0
автобус	s	62.0
автомат	s	43.0
автоматически	adv	23.6
автоматический	a	28.7
автомобиль	s	276.8
автомобильный	a	50.2
автономный	a	27.1
автор	s	366.9
авторитет	s	50.9
авторский	a	43.7
агент	s	39.7
агентство	s	81.7
агрегат	s	19.9
агрессивный	a	23.6
агрессия	s	20.7
адвокат	s	61.7
административный	a	96.6
администрация	s	185.8
адрес	s	102.2
аж	part	21.6
академик	s	57.0
академический	a	28.8
академия	s	102.8
аккуратно	adv	21.6
акт	s	92.3
актер	s	231.6
актерский	a	48.0
актив	s	50.9
активно	adv	85.5
активность	s	46.5
активный	a	116.4
бежать	v	88.5
беженец	s	25.7
без	pr	1024.5
безопасность	s	180.5
безопасный	a	25.6
безумный	a	20.5
безусловно	adv	67.6
белорусский	a	24.6
белый	a	285.5
белье	s	25.4
бензин	s	28.0
берег	s	126.8
беречь	v	19.8
беседа	s	110.1
беседовать	v	39.9
бесконечно	adv	22.7
бесконечный	a	48.8
бесплатно	adv	32.6
бесплатный	a	41.1
беспокоить	v	21.6
бессмысленный	a	27.6
библиотека	s	74.1
бизнес	s	256.7
бизнесмен	s	51.7
билет	s	86.6
биография	s	40.7
биржа	s	21.6
битва	s	28.8
бить	v	78.3
биться	v	25.6
благо	s	48.0
благодарить	v	28.7
благодарность	s	34.9
благодарный	a	27.9
благодаря	pr	135.9
благополучие	s	24.1
благополучно	adv	22.3
благополучный	a	21.9
благоприятный	a	33.2
благородный	a	38.0
блеск	s	26.9
блестящий	a	40.1
ближайший	a	153.9
ближний	a	39.8
близкие	s	31.5
близкий	a	210.4
близко	adv	36.5
близость	s	23.2
блок	s	101.9
блюдо	s	39.3
бог	s	274.9
богатство	s	47.7
богатый	a	108.1
боевик	s	59.8
боевой	a	197.3
боеприпас	s	21.3
боец	s	49.2
божественный	a	26.0
божий	a	62.2
бой	s	132.2
весенний	a	28.3
весна	s	108.0
вести	v	321.3
вестись	v	63.5
весть	s	25.7
весь	apro	4104.7
весьма	adv	222.1
ветвь	s	21.5
ветер	s	88.4
ветеран	s	54.2
ветка	s	21.6
вечер	s	336.5
вечерний	a	35.7
вечно	adv	30.4
вечный	a	81.3
вещество	s	48.8
вещь	s	245.5
взаимный	a	38.6
взаимодействие	s	48.0
взаимоотношения	s	45.0
взгляд	s	269.5
взглянуть	v	37.5
взнос	s	25.0
взрослый	a	47.6
взрослый	s	44.9
взрыв	s	63.9
взятка	s	31.3
взять	v	413.7
взяться	v	61.1
вид	s	550.2
видение	s	25.0
видеть	v	636.6
видеться	v	32.6
видимо	adv	157.8
видимость	s	24.6
видно	adv	102.1
видный	a	56.9
виза	s	25.1
визит	s	72.4
вина	s	57.4
вино	s	71.1
виноватый	a	53.1
виртуальный	a	22.1
висеть	v	54.6
витамин	s	26.9
вице-президент	s	30.4
вице-премьер	s	37.3
вклад	s	52.7
вкладывать	v	29.0
включать	v	67.5
включая	pr	70.0
включить	v	66.1
вкус	s	94.9
вкусный	a	24.5
владелец	s	97.0
владение	s	20.6
владеть	v	60.3
владыка	s	21.5
властный	a	25.0
власть	s	711.8
вплоть	adv	45.1
вполне	adv	289.3
впоследствии	adv	67.2
вправе	adv	25.2
впрочем	adv	278.2
враг	s	121.9
врач	s	182.8
вред	s	29.3
вредный	a	34.7
временной	a	53.2
время	s	2364.6
вроде	part	91.9
вроде	pr	77.7
вручить	v	31.6
вряд	adv	107.5
все	advpro	387.0
все	spro	2862.4
всевозможный	a	30.6
всегда	advpro	670.5
всего	part	231.3
вселенная	s	22.9
всемирный	a	41.4
всеобщий	a	51.6
всероссийский	a	31.1
всерьез	adv	45.3
все-таки	part	235.7
вскоре	adv	149.1
вслед	adv	46.4
вслух	adv	21.6
вспоминать	v	156.9
вспомнить	v	161.4
вставать	v	46.7
встать	v	98.4
встретить	v	117.3
встретиться	v	91.9
встреча	s	305.1
встречать	v	85.5
встречаться	v	113.3
вступать	v	45.4
вступить	v	62.9
вступление	s	38.8
всюду	advpro	26.0
всякий	apro	339.4
всячески	adv	21.5
вторник	s	32.1
второй	anum	626.3
в-третьих	adv	21.9
вуз	s	60.4
вход	s	58.1
входить	v	179.1
вчера	adv	112.2
вчерашний	a	30.3
вы	spro	2133.1
выбирать	v	74.7
выбор	s	148.4
выборы	s	243.4
выбрать	v	126.3
выбросить	v	26.2
вывезти	v	19.9
вывести	v	59.0
говорят	adv	60.1
год	s	5589.5
годиться	v	22.4
годовой	a	38.9
голова	s	376.9
головной	a	37.3
голод	s	38.4
голодный	a	29.4
голос	s	268.7
голосование	s	39.9
голосовать	v	37.3
голубой	a	51.7
голый	a	37.4
гонка	s	90.7
гонщик	s	34.9
гора	s	108.2
гораздо	adv	146.6
гордиться	v	39.9
гордость	s	43.1
гордый	a	21.3
горе	s	39.3
гореть	v	48.4
горизонт	s	26.0
горло	s	25.7
горный	a	55.7
город	s	738.5
городок	s	45.8
городской	a	177.2
горожанин	s	27.0
горький	a	31.4
горячий	a	92.3
госпиталь	s	38.1
господи	intj	22.3
господин	s	135.8
господь	s	33.4
гостиная	s	20.3
гостиница	s	95.5
гость	s	200.2
государственный	a	492.8
государство	s	528.3
государь	s	21.6
готовить	v	98.4
готовиться	v	96.9
готовность	s	56.3
готовый	a	287.5
градус	s	39.8
гражданин	s	271.7
гражданский	a	161.9
гражданство	s	25.4
грамм	s	21.0
грандиозный	a	29.4
граница	s	194.0
грань	s	34.7
граф	s	28.9
график	s	26.4
грех	s	51.8
греческий	a	21.4
гриб	s	29.8
гроб	s	36.0
грозить	v	42.4
диаметр	s	21.7
диван	s	32.1
дивизия	s	41.3
дизайн	s	36.2
дизайнер	s	28.4
дикий	a	53.4
дилер	s	35.9
динамика	s	27.3
диплом	s	35.5
дипломат	s	29.8
дипломатический	a	26.6
директор	s	343.1
дирижер	s	27.7
диск	s	36.1
дискуссия	s	54.2
диссертация	s	21.1
дистанция	s	28.5
дисциплина	s	36.2
дитя	s	25.6
длина	s	43.8
длинный	a	107.6
длительный	a	47.1
длиться	v	37.0
для	pr	3883.7
дневник	s	52.7
дно	s	58.5
до	pr	2255.6
добавить	v	109.8
добавлять	v	31.9
добиваться	v	41.0
добиться	v	101.9
добраться	v	41.2
добро	s	55.6
добровольный	a	21.8
добрый	a	164.2
добыть	v	20.3
добыча	s	53.3
доверие	s	52.7
доверять	v	36.9
довести	v	50.0
довестись	v	28.6
довод	s	20.8
довольно	adv	218.4
довольный	a	50.3
догадаться	v	32.4
догадываться	v	25.8
договор	s	167.0
договоренность	s	28.1
договориться	v	63.7
дождаться	v	28.4
дождь	s	59.9
дойти	v	80.4
доказательство	s	43.4
доказать	v	68.5
доказывать	v	39.7
доклад	s	89.3
доктор	s	119.0
документ	s	267.4
документальный	a	22.9
долг	s	129.2
железнодорожный	a	43.0
железный	a	87.8
желтый	a	46.2
жена	s	322.5
жениться	v	39.9
женский	a	96.1
женщина	s	434.4
жертва	s	103.1
жест	s	35.7
жесткий	a	96.3
жестко	adv	20.6
жестокий	a	44.7
живой	a	241.1
живопись	s	36.4
живот	s	30.3
животное	s	79.4
жизненный	a	67.7
жизнь	s	1548.4
жилец	s	25.7
жилищный	a	40.5
жилой	a	54.7
жилье	s	106.1
житель	s	154.2
жить	v	755.3
журнал	s	245.3
журналист	s	181.1
жуткий	a	23.3
жюри	s	27.3
за	pr	3991.4
забавный	a	28.8
забить	v	23.5
заболевание	s	47.9
заболеть	v	34.5
забор	s	28.4
забота	s	68.2
заботиться	v	31.3
забрать	v	35.1
забывать	v	72.9
забыть	v	172.2
заведение	s	53.0
заведовать	v	25.3
завершение	s	36.3
завершить	v	47.5
завершиться	v	32.5
завести	v	34.6
зависеть	v	133.1
зависимость	s	82.1
зависть	s	23.9
завод	s	272.3
заводской	a	22.1
завоевать	v	28.5
завтра	adv	93.5
завтрак	s	23.3
загадка	s	27.8
загадочный	a	33.6
заглянуть	v	29.7
заговор	s	20.9
заговорить	v	36.2
задавать	v	45.1
задание	s	47.4
звезда	s	140.2
звездный	a	23.0
звено	s	28.5
зверь	s	38.4
звонить	v	91.2
звонок	s	67.1
звук	s	85.9
звучать	v	109.1
здание	s	178.0
здесь	advpro	746.2
здорово	adv	25.9
здоровый	a	80.2
здоровье	s	120.8
здравоохранение	s	28.9
здравствовать	v	36.2
здравый	a	22.2
зеленый	a	97.5
зелень	s	22.5
земельный	a	45.1
земля	s	442.7
земной	a	48.0
зенитный	a	22.0
зеркало	s	50.1
зерно	s	39.2
зима	s	117.0
зимний	a	57.8
зло	s	54.5
злой	a	46.5
знак	s	105.4
знакомство	s	57.0
знакомый	a	118.3
знакомый	s	76.0
знаменитый	a	203.3
знамя	s	34.6
знание	s	122.9
знаток	s	21.2
знать	v	1270.0
значение	s	134.9
значимый	a	25.0
значит	adv	188.4
значительно	adv	86.8
значительный	a	136.0
значить	v	114.2
золото	s	56.4
золотой	a	134.1
зона	s	117.8
зрелище	s	29.6
зрение	s	168.4
зритель	s	169.8
зрительный	a	21.1
зря	adv	43.5
зуб	s	57.0
и	conj	35782.3
ибо	conj	134.9
игра	s	278.5
играть	v	451.6
игровой	a	19.9
игрок	s	77.9
игрушка	s	34.7
идеал	s	46.4
испанский	a	34.3
исполнение	s	101.3
исполнитель	s	59.2
исполнительный	a	56.9
исполнить	v	43.2
исполниться	v	27.5
исполнять	v	61.5
использование	s	142.8
использовать	v	270.4
использоваться	v	76.2
испортить	v	22.4
исправить	v	21.7
испугаться	v	24.7
испытание	s	86.2
испытать	v	39.6
испытывать	v	78.6
исследование	s	138.4
исследователь	s	32.9
истина	s	66.4
истинный	a	69.4
исток	s	20.2
историк	s	44.0
исторический	a	176.1
история	s	592.7
источник	s	141.6
истребитель	s	26.6
исход	s	32.7
исходить	v	71.6
исчезать	v	35.9
исчезнуть	v	75.7
итак	conj	68.0
итальянец	s	22.4
итальянский	a	66.5
итог	s	200.2
их	apro	1155.8
июль	s	129.2
июнь	s	133.5
к	pr	5396.0
кабина	s	25.4
кабинет	s	150.5
кавказский	a	24.9
кадр	s	97.7
кадровый	a	39.0
каждый	apro	952.9
кажется	adv	124.2
казак	s	29.8
казаться	v	413.5
казачий	a	20.6
казнь	s	25.4
как	advpro	2041.8
как	conj	4271.7
каков	apro	59.4
какой	apro	938.9
какой-либо	apro	79.7
какой-нибудь	apro	129.9
какой-то	apro	661.6
как-то	advpro	246.6
календарь	s	20.5
калужский	a	25.0
каменный	a	38.3
комплект	s	24.7
композитор	s	72.5
композиция	s	32.2
компонент	s	25.9
компромисс	s	29.0
компьютер	s	76.5
компьютерный	a	41.0
комсомол	s	21.2
комсомольский	a	33.6
конгресс	s	32.8
конец	s	710.8
конечно	adv	677.2
конечный	a	56.8
конкретно	adv	23.0
конкретный	a	137.2
конкурент	s	54.5
конкуренция	s	52.1
конкурировать	v	20.5
конкурс	s	131.8
консерватория	s	30.9
конституционный	a	39.5
конституция	s	70.6
конструктор	s	41.9
конструкция	s	68.7
консультант	s	20.8
консультация	s	25.0
контакт	s	67.1
контекст	s	31.9
континент	s	23.4
контора	s	21.7
контракт	s	85.8
контролировать	v	57.0
контроль	s	157.3
контрольный	a	27.8
конференция	s	86.4
конфликт	s	121.3
концепция	s	90.0
концерн	s	31.4
концерт	s	174.5
концертный	a	24.7
кончаться	v	26.0
кончиться	v	62.0
конь	s	31.5
коньяк	s	22.7
кооператив	s	20.6
копейка	s	35.4
копия	s	34.0
корабль	s	103.4
коренной	a	31.9
корень	s	64.5
коридор	s	68.2
кормить	v	43.9
коробка	s	44.9
корова	s	32.6
королева	s	27.2
королевский	a	26.9
король	s	62.1
короткий	a	137.5
коротко	adv	20.2
корпоративный	a	35.3
ли	conj	113.8
ли	part	954.8
либеральный	a	48.9
либо	conj	188.6
лига	s	26.8
лидер	s	186.4
ликвидация	s	35.9
ликвидировать	v	25.8
линия	s	157.2
лирический	a	20.9
лист	s	94.6
литератор	s	30.9
литература	s	201.4
литературный	a	134.5
литр	s	25.9
лифт	s	24.2
лицензия	s	42.6
лицо	s	567.4
лично	adv	108.8
личной	a	35.4
личность	s	121.2
личный	a	191.6
лишение	s	26.2
лишить	v	61.9
лишиться	v	24.7
лишний	a	90.9
лишь	part	644.3
лоб	s	31.0
ловить	v	35.9
логика	s	58.8
лодка	s	50.5
ложа	s	23.0
ложиться	v	29.2
ложка	s	37.5
ложный	a	23.7
ложь	s	34.6
лозунг	s	43.7
локомотив	s	21.0
ломать	v	24.4
лондонский	a	20.5
лошадиный	a	34.5
лошадь	s	61.7
лук	s	21.6
луна	s	30.5
луч	s	30.9
лучше	part	84.9
лучший	a	556.0
лыжа	s	20.9
льгота	s	54.8
любимый	a	148.5
любитель	s	51.8
любить	v	476.9
любовный	a	27.7
любовь	s	322.4
любой	apro	505.2
любопытный	a	37.0
любопытство	s	23.7
магазин	s	173.1
май	s	152.6
майор	s	25.2
модернизация	s	46.8
модный	a	53.9
может	adv	123.1
можно	adv	1264.9
мозг	s	62.2
мой	apro	1754.6
мокрый	a	24.6
мол	part	83.1
молитва	s	33.3
молиться	v	27.9
молодежный	a	36.9
молодежь	s	100.6
молодой	a	444.2
молодость	s	47.3
молоко	s	49.6
молча	adv	30.4
молчание	s	28.4
молчать	v	59.0
момент	s	339.1
монастырь	s	65.3
монолог	s	24.6
монополия	s	30.4
мораль	s	25.4
моральный	a	54.9
море	s	155.5
мороз	s	54.6
морской	a	92.6
моряк	s	26.1
москвич	s	93.6
московский	a	444.1
мост	s	58.7
мотив	s	51.3
мотор	s	56.6
мочь	v	2834.0
мощность	s	71.6
мощный	a	99.8
мрачный	a	31.6
мудрость	s	26.1
мудрый	a	31.0
муж	s	186.0
мужество	s	25.7
мужик	s	57.3
мужской	a	67.8
мужчина	s	192.6
музей	s	145.5
музыка	s	261.1
музыкальный	a	119.9
музыкант	s	68.7
мука	s	38.1
муниципальный	a	59.2
мусор	s	23.4
мусульманин	s	24.2
мусульманский	a	20.2
мучительный	a	22.1
мучить	v	20.7
мы	spro	5433.1
мыслить	v	23.3
мысль	s	273.0
мыть	v	21.6
мышление	s	32.7
нация	s	75.2
начало	s	503.4
начальник	s	248.4
начальный	a	28.2
начальство	s	64.5
начать	v	509.7
начаться	v	271.8
начинать	v	324.4
начинаться	v	129.7
наш	apro	2323.0
не	part	16957.5
небесный	a	24.2
небо	s	120.3
небольшой	a	228.9
неведомый	a	23.1
невероятный	a	47.6
невеста	s	24.5
невидимый	a	22.3
невозможно	adv	136.6
невозможный	a	78.1
невольно	adv	29.4
невысокий	a	21.9
негативный	a	38.3
недавний	a	62.5
недавно	adv	180.3
недалеко	adv	28.9
недаром	adv	26.0
недвижимость	s	38.2
неделя	s	289.2
недоверие	s	24.1
недовольный	a	31.9
недовольство	s	25.7
недолго	adv	25.8
недостаток	s	77.3
недостаточно	adv	38.9
недостаточный	a	23.5
недоумение	s	21.1
недра	s	22.9
нежели	conj	34.9
нежный	a	40.7
независимо	adv	37.0
независимость	s	41.6
независимый	a	75.8
незадолго	adv	25.1
незаконный	a	39.9
незаметно	adv	26.2
незнакомый	a	36.2
незначительный	a	22.6
неизбежно	adv	28.0
неизбежный	a	35.1
неизвестно	adv	42.4
неизвестный	a	60.8
неизменно	adv	23.5
неизменный	a	22.7
некий	apro	153.3
некогда	advpro	27.7
некоторые	spro	33.7
некоторый	apro	490.0
некуда	adv	22.2
нелегкий	a	23.0
обком	s	23.0
обладатель	s	21.3
обладать	v	112.3
облако	s	25.4
областной	a	105.2
область	s	522.0
облик	s	41.1
обмануть	v	28.7
обмен	s	55.6
обнаружить	v	114.6
обновление	s	22.1
обо	pr	57.0
обожать	v	27.8
обозначить	v	31.0
обойти	v	29.5
обойтись	v	80.7
оборона	s	133.8
оборонный	a	29.7
оборот	s	65.7
оборудование	s	117.2
оборудовать	v	22.8
обработка	s	33.9
образ	s	488.7
образец	s	79.4
образование	s	215.3
образованный	a	25.0
образовательный	a	22.1
образовать	v	20.9
образоваться	v	37.8
образовывать	v	20.1
обратить	v	89.3
обратиться	v	133.6
обратно	adv	62.9
обратный	a	49.7
обращать	v	49.9
обращаться	v	107.1
обращение	s	76.7
обрести	v	37.5
обречь	v	19.8
обслуживание	s	58.2
обслуживать	v	22.5
обстановка	s	104.5
обстоятельство	s	124.5
обстоять	v	22.3
обсудить	v	33.6
обсуждать	v	71.8
обсуждаться	v	40.2
обсуждение	s	74.1
обувь	s	28.0
обусловить	v	23.5
обучение	s	65.4
обходиться	v	32.4
обширный	a	24.9
общаться	v	60.5
общее	s	26.6
общежитие	s	27.9
общение	s	79.8
общественность	s	48.0
общественный	a	235.0
общество	s	388.5
организатор	s	56.7
организационный	a	25.7
организация	s	406.0
организм	s	78.7
организованный	a	19.9
организовать	v	102.9
организовывать	v	25.6
орден	s	48.9
оригинальный	a	45.3
ориентация	s	21.1
ориентировать	v	21.1
ориентироваться	v	24.3
оркестр	s	72.1
орудие	s	26.1
оружие	s	186.0
освещение	s	20.7
освободить	v	53.0
освободиться	v	20.7
освобождение	s	46.8
освоение	s	31.8
освоить	v	29.1
осенний	a	25.6
осень	s	108.4
оснастить	v	29.1
основа	s	231.9
основание	s	130.6
основать	v	55.7
основное	s	86.2
основной	a	405.0
особенно	adv	379.6
особенность	s	103.4
особенный	a	38.3
особняк	s	23.6
особо	adv	69.0
особый	a	271.8
осознавать	v	23.8
осознать	v	26.3
оставаться	v	382.0
оставить	v	188.3
оставлять	v	85.0
остальное	spro	50.8
остальной	apro	119.7
остальные	spro	46.0
останавливаться	v	35.8
остановить	v	64.3
остановиться	v	82.8
остановка	s	34.1
остаток	s	38.9
остаться	v	506.3
осторожно	adv	31.3
осторожный	a	20.8
остро	adv	22.4
остров	s	104.4
острый	a	82.2
осудить	v	25.6
осуществить	v	47.3
осуществление	s	42.7
осуществлять	v	61.5
осуществляться	v	48.9
от	pr	3651.8
ощущение	s	114.2
павильон	s	21.4
падать	v	63.6
падение	s	54.7
пакет	s	79.1
палата	s	81.3
палатка	s	28.2
палец	s	88.5
палка	s	24.7
пальто	s	24.1
памятник	s	90.3
память	s	194.5
папа	s	132.7
пара	s	152.8
параллельно	adv	24.6
параметр	s	31.3
парень	s	83.1
парижский	a	33.6
парк	s	78.9
парламент	s	62.1
парламентский	a	40.1
пароход	s	20.8
партийный	a	117.6
партия	s	448.7
партнер	s	106.7
паспорт	s	50.0
пассажир	s	56.3
патриарх	s	40.7
патриот	s	22.6
патриотизм	s	20.9
патриотический	a	23.6
патрон	s	24.2
пауза	s	34.5
пахнуть	v	32.4
пациент	s	34.0
певец	s	45.5
певица	s	28.4
педагог	s	38.8
педагогический	a	20.3
пейзаж	s	28.2
пение	s	26.0
пенсионер	s	42.8
пенсионный	a	75.8
пенсия	s	85.3
первенство	s	27.8
первичный	a	20.1
первоначальный	a	28.5
первый	anum	1718.5
перевести	v	70.8
перевод	s	96.9
переводить	v	35.1
переводчик	s	31.0
перевозка	s	36.7
переворот	s	27.1
переговоры	s	120.3
перед	pr	575.1
передавать	v	52.6
передаваться	v	21.1
передать	v	140.1
передача	s	124.3
подавать	v	46.3
подавлять	v	30.4
подарить	v	71.6
подарок	s	86.8
подать	v	70.8
подача	s	27.8
подвал	s	29.0
подвергаться	v	20.5
подвеска	s	21.5
подвести	v	41.0
подвиг	s	41.2
подводить	v	19.9
подводный	a	31.7
подготовить	v	109.9
подготовка	s	187.0
поддаваться	v	21.1
поддержание	s	23.2
поддержать	v	84.0
поддерживать	v	106.5
поддержка	s	180.1
поделиться	v	33.2
подземный	a	36.7
подлежать	v	30.9
подлинный	a	57.5
подмосковный	a	25.8
поднимать	v	47.2
подниматься	v	53.6
поднять	v	107.0
подняться	v	74.5
подобно	pr	30.2
подобный	a	372.6
подобрать	v	30.8
подождать	v	25.1
подозревать	v	39.9
подозрение	s	26.5
подойти	v	117.1
подписание	s	23.6
подписать	v	117.0
подписывать	v	20.9
подпись	s	48.4
подполковник	s	20.0
подразделение	s	85.6
подробно	adv	43.3
подробность	s	49.3
подробный	a	23.1
подросток	s	36.6
подруга	s	52.3
по-другому	advpro	28.7
подряд	adv	38.7
подсчет	s	19.8
подтвердить	v	68.0
подтверждать	v	40.2
подтверждение	s	30.5
подумать	v	134.7
подушка	s	23.5
подход	s	91.0
подходить	v	105.7
подходящий	a	27.3
подчас	adv	20.9
подчеркивать	v	39.9
попасться	v	24.0
поправка	s	69.7
по-прежнему	adv	90.4
попробовать	v	79.7
попросить	v	136.8
попросту	adv	28.2
популярность	s	46.4
популярный	a	88.6
попытаться	v	76.9
попытка	s	148.6
пора	adv	54.5
пора	s	455.4
поработать	v	24.9
поражать	v	34.1
поражение	s	62.3
поразительный	a	25.3
поразить	v	57.5
по-разному	adv	27.1
порог	s	42.7
порода	s	29.3
породить	v	22.3
порт	s	45.8
портрет	s	88.3
по-русски	adv	36.2
поручение	s	27.4
поручить	v	42.4
порыв	s	21.6
порядок	s	277.1
посадить	v	51.0
посадка	s	38.1
по-своему	advpro	28.0
посвятить	v	128.5
поселиться	v	22.4
поселок	s	69.9
посетитель	s	46.1
посетить	v	48.4
посещать	v	36.6
посещение	s	32.6
поскольку	conj	267.0
послание	s	49.2
послать	v	63.0
после	pr	1349.3
послевоенный	a	26.8
последний	a	853.8
последовать	v	51.1
последствие	s	88.8
последующий	a	59.7
послужить	v	32.1
послушать	v	31.5
посмотреть	v	182.3
пособие	s	28.4
посоветовать	v	29.6
посол	s	61.3
посольство	s	52.8
пост	s	126.0
поставить	v	301.7
поставка	s	68.2
поставлять	v	22.4
поставщик	s	36.5
постановка	s	83.4
представитель	s	297.2
представительство	s	31.2
представить	v	265.0
представление	s	132.5
представлять	v	226.2
представляться	v	62.6
предстоять	v	88.1
предстоящий	a	40.4
предупредить	v	36.0
предупреждать	v	28.8
предупреждение	s	28.1
предусматривать	v	41.8
предусмотреть	v	61.2
предшественник	s	21.5
предъявить	v	31.3
предыдущий	a	71.6
прежде	adv	91.7
прежде	pr	196.7
прежний	a	114.8
презентация	s	21.9
президент	s	634.6
президентский	a	84.0
президиум	s	38.7
преимущественно	adv	23.5
преимущество	s	59.9
прекрасно	adv	78.4
прекрасный	a	176.4
прекратить	v	47.1
прекращение	s	20.8
премия	s	94.9
премьер	s	70.2
премьера	s	63.7
премьер-министр	s	37.2
преобразование	s	31.7
преодоление	s	20.4
преодолеть	v	41.5
препарат	s	39.5
преподаватель	s	45.0
преподавать	v	25.3
препятствие	s	28.8
прервать	v	23.9
преследовать	v	29.5
пресловутый	a	21.5
пресса	s	102.0
пресс-конференция	s	41.2
пресс-служба	s	25.2
престижный	a	33.3
преступление	s	110.9
преступник	s	43.9
преступность	s	27.1
преступный	a	32.2
претендент	s	25.5
претендовать	v	37.8
претензия	s	52.3
при	pr	1577.5
прибавить	v	20.1
прибегать	v	19.8
приближаться	v	31.5
продажа	s	148.9
продать	v	88.1
продвижение	s	26.5
продемонстрировать	v	38.7
продолжать	v	228.3
продолжаться	v	95.0
продолжение	s	53.0
продолжить	v	51.4
продукт	s	149.2
продукция	s	175.4
продюсер	s	24.1
проезд	s	21.5
проект	s	387.0
проектирование	s	20.4
проехать	v	21.5
проживание	s	20.6
проживать	v	47.2
прожить	v	71.1
проза	s	57.6
прозвучать	v	37.6
прозрачный	a	40.1
проиграть	v	45.5
произведение	s	124.4
произвести	v	81.2
производитель	s	92.4
производительность	s	20.7
производить	v	83.5
производиться	v	32.5
производственный	a	66.3
производство	s	327.3
произнести	v	60.2
произносить	v	39.0
произойти	v	260.1
происходить	v	300.5
происхождение	s	43.3
происшествие	s	27.7
пройти	v	446.6
прокат	s	20.3
прокуратура	s	80.5
прокурор	s	54.3
промысел	s	20.0
промышленность	s	106.9
промышленный	a	76.7
проникнуть	v	20.8
пропаганда	s	37.2
пропасть	v	45.8
прописать	v	24.8
пропускать	v	21.2
пропустить	v	39.6
проработать	v	25.9
прорыв	s	21.9
просить	v	189.2
просмотр	s	20.6
проснуться	v	31.3
проспект	s	39.3
простить	v	60.8
просто	adv	85.3
разговор	s	271.9
раздаться	v	29.5
раздел	s	46.5
разделение	s	25.2
разделить	v	43.0
разделять	v	31.8
раздражать	v	23.1
различие	s	29.6
различный	a	198.8
размер	s	164.6
разместить	v	33.2
размещение	s	32.6
размышление	s	31.9
размышлять	v	21.2
разница	s	67.2
разнообразие	s	21.0
разнообразный	a	45.3
разный	a	409.8
разобраться	v	61.8
разойтись	v	34.1
разочарование	s	20.0
разрабатывать	v	28.4
разработать	v	95.2
разработка	s	123.7
разработчик	s	24.0
разрешать	v	22.7
разрешение	s	71.2
разрешить	v	71.3
разрушение	s	31.4
разрушить	v	43.6
разрыв	s	32.9
разряд	s	26.6
разум	s	33.6
разумеется	adv	123.9
разумный	a	38.2
рай	s	22.9
район	s	275.1
районный	a	39.1
рак	s	27.5
ракета	s	91.0
ракетный	a	35.9
рамка	s	139.4
рана	s	23.5
ранг	s	28.7
ранее	adv	79.1
ранение	s	20.1
раненый	s	22.1
ранить	v	25.6
ранний	a	228.7
рано	adv	141.9
раскрыть	v	29.5
распад	s	23.2
располагать	v	37.2
располагаться	v	33.7
расположение	s	28.4
расположить	v	90.8
распоряжение	s	59.0
распределение	s	40.1
распространение	s	44.2
распространить	v	42.4
романтический	a	29.4
роскошный	a	33.8
российский	a	924.5
россиянин	s	72.9
рост	s	257.1
рот	s	55.2
рота	s	23.0
рояль	s	26.1
рубашка	s	26.0
рубеж	s	91.9
рубль	s	471.8
рубрика	s	21.8
ругать	v	23.4
рука	s	713.0
руководитель	s	289.5
руководить	v	57.4
руководство	s	260.8
руководствоваться	v	22.6
руководящий	a	21.9
рукопись	s	44.9
руль	s	50.1
русский	a	775.5
русский	s	104.1
рухнуть	v	25.0
ручка	s	35.1
ручной	a	20.6
рыба	s	79.1
рыбак	s	23.6
рыбный	a	20.8
рынок	s	483.9
рыночный	a	64.0
рычаг	s	23.1
ряд	s	285.8
рядовой	a	35.6
рядом	adv	228.1
с	pr	11469.2
сад	s	121.4
садиться	v	52.2
садовый	a	20.7
сажать	v	22.8
сайт	s	52.4
салон	s	66.8
сам	apro	1951.1
самарский	a	62.2
самолет	s	244.0
самостоятельно	adv	49.1
самостоятельный	a	51.7
самоубийство	s	21.1
самоуправление	s	41.8
самый	apro	1213.1
санаторий	s	23.0
санкция	s	22.1
сантиметр	s	21.3
сапог	s	28.9
саратовский	a	35.8
сахар	s	43.6
сбить	v	25.7
сбор	s	78.5
сборная	s	64.3
скоро	adv	140.1
скорость	s	103.4
скорый	a	235.3
скрипка	s	24.3
скромный	a	67.3
скрывать	v	52.5
скрываться	v	23.5
скрытый	a	25.3
скрыть	v	29.2
скульптура	s	22.3
скучный	a	22.6
слабость	s	34.0
слабый	a	87.0
слава	s	126.7
славный	a	31.4
славянский	a	23.5
сладкий	a	30.5
слева	adv	22.9
слегка	adv	47.3
след	s	68.0
следить	v	73.5
следователь	s	49.6
следовательно	adv	43.5
следовать	v	300.2
следственный	a	21.6
следствие	s	83.1
следующий	a	323.2
слеза	s	75.1
слишком	adv	246.5
словарь	s	24.9
словно	conj	91.8
слово	s	989.7
словом	adv	41.8
сложить	v	27.8
сложиться	v	116.6
сложно	adv	43.2
сложность	s	51.6
сложный	a	188.1
слой	s	71.0
сломать	v	27.1
слон	s	24.0
служащий	s	24.4
служба	s	276.8
служебный	a	45.9
служение	s	25.2
служить	v	155.8
слух	s	97.5
случай	s	744.3
случайно	adv	86.0
случайный	a	52.0
случаться	v	60.3
случиться	v	164.5
слушатель	s	35.2
слушать	v	154.9
слышать	v	180.6
смело	adv	25.2
смелый	a	30.2
смена	s	80.7
сменить	v	38.3
смертный	a	25.8
состав	s	254.7
составить	v	163.2
составлять	v	214.0
состояние	s	288.6
состоять	v	147.3
состояться	v	179.5
сотня	s	111.5
сотрудник	s	213.6
сотрудничать	v	25.8
сотрудничество	s	97.2
сохранение	s	58.0
сохранить	v	113.7
сохраниться	v	68.6
сохранять	v	48.2
сохраняться	v	28.9
социализм	s	42.9
социалистический	a	54.2
социально-экономический	a	21.5
социальный	a	276.4
сочетание	s	42.3
сочинение	s	58.0
сочинить	v	25.1
сочинять	v	25.3
союз	s	312.4
союзник	s	39.8
спальня	s	20.9
спасать	v	34.6
спасение	s	47.7
спасибо	adv	30.4
спасти	v	82.3
спать	v	113.9
спектакль	s	350.0
сперва	adv	27.3
спеть	v	29.5
специализированный	a	25.1
специалист	s	240.2
специально	adv	87.7
специальность	s	38.2
специальный	a	209.9
специфика	s	21.6
специфический	a	22.9
спецназ	s	19.9
спецслужба	s	35.8
спешить	v	50.8
спина	s	88.0
список	s	142.4
сплошной	a	31.8
спокойно	adv	84.9
спокойный	a	71.2
спокойствие	s	19.9
спонсор	s	26.3
спор	s	83.7
спорить	v	50.6
спорт	s	112.7
спортивный	a	103.6
спортсмен	s	45.1
способ	s	168.3
строительство	s	234.3
строить	v	106.6
строиться	v	51.3
строй	s	64.3
стройка	s	23.2
строка	s	73.9
строчка	s	38.7
структура	s	206.8
структурный	a	22.0
студент	s	141.0
студенческий	a	32.4
студия	s	67.1
стул	s	46.6
ступень	s	28.2
стыдно	adv	30.8
суббота	s	40.6
субъект	s	92.1
сугубо	adv	24.4
суд	s	315.8
судебный	a	80.6
судить	v	132.6
судно	s	37.0
судьба	s	281.4
судья	s	87.7
суета	s	21.6
суждение	s	23.2
сумасшедший	a	25.7
суметь	v	97.2
сумка	s	27.4
сумма	s	179.0
суп	s	20.4
супруг	s	26.5
супруга	s	24.4
суровый	a	40.4
сутки	s	78.5
суть	s	149.6
сухой	a	63.1
существенно	adv	46.1
существенный	a	65.5
существо	s	80.4
существование	s	110.6
существовать	v	326.4
существующий	a	45.1
сущность	s	51.3
сфера	s	167.9
сформировать	v	34.4
сформулировать	v	31.3
схватить	v	27.3
схема	s	95.6
сходить	v	33.2
сцена	s	309.5
сценарий	s	89.7
сценический	a	25.6
счастливый	a	118.3
счастье	s	153.7
счесть	v	35.6
счет	s	319.2
считать	v	583.4
считаться	v	152.0
съезд	s	94.0
торговый	a	87.0
торжественный	a	38.6
торжество	s	34.8
торопиться	v	35.0
тоска	s	35.5
тот	apro	3219.5
точка	s	253.1
точно	adv	138.3
точность	s	35.3
точный	a	121.5
трава	s	53.1
травма	s	30.5
трагедия	s	73.2
трагический	a	48.8
традиционно	adv	29.9
традиционный	a	107.8
традиция	s	144.7
трактор	s	20.7
трамвай	s	23.9
транспорт	s	71.8
транспортный	a	68.9
трасса	s	59.0
тратить	v	43.4
требование	s	153.7
требовать	v	222.5
требоваться	v	88.7
тревога	s	43.6
тревожный	a	20.0
тренер	s	75.5
тренировка	s	46.2
третий	anum	290.1
треть	s	42.2
три	num	645.2
трибуна	s	36.4
тридцать	num	87.5
триста	num	20.2
трогать	v	20.4
трое	num	51.9
тройка	s	27.4
труба	s	69.9
трубка	s	47.7
труд	s	314.2
трудиться	v	43.2
трудно	adv	200.6
трудность	s	63.6
трудный	a	106.6
трудовой	a	77.5
трудящийся	s	21.6
труп	s	30.7
труппа	s	35.4
трюк	s	22.4
туалет	s	32.4
туда	advpro	162.7
туман	s	27.3
тупик	s	20.0
тур	s	50.8
турецкий	a	21.1
турист	s	39.5
турнир	s	63.7
тут	advpro	648.7
упасть	v	74.1
упоминать	v	23.6
упоминаться	v	19.9
упомянуть	v	59.4
упорно	adv	23.0
употреблять	v	22.7
управление	s	334.3
управлять	v	52.7
управляющий	a	34.0
упражнение	s	28.1
упустить	v	22.9
уральский	a	20.7
уровень	s	419.2
урожай	s	32.2
урок	s	73.2
усиление	s	29.8
усилие	s	114.8
усилить	v	22.5
условие	s	418.3
условный	a	25.8
услуга	s	183.2
услышать	v	126.1
успевать	v	31.2
успеть	v	156.5
успех	s	236.7
успешно	adv	72.2
успешный	a	58.9
успокоить	v	20.9
успокоиться	v	23.0
уста	s	24.5
устав	s	32.6
усталость	s	23.0
устанавливать	v	39.7
устанавливаться	v	21.5
установить	v	165.2
установка	s	85.9
установление	s	31.4
устареть	v	21.3
устать	v	41.7
устойчивый	a	38.5
устраивать	v	71.2
устроить	v	107.4
устроиться	v	22.6
устройство	s	76.9
уступать	v	35.2
уступить	v	25.7
утвердить	v	67.1
утверждать	v	137.0
утверждение	s	53.7
уточнить	v	22.0
утратить	v	37.8
утренний	a	21.5
утро	s	251.8
ухо	s	69.7
уход	s	69.7
уходить	v	167.4
участвовать	v	153.9
участие	s	269.4
участник	s	211.3
участок	s	144.8
царский	a	50.7
царство	s	23.2
царь	s	90.2
цвет	s	161.0
цветной	a	42.6
цветок	s	83.0
целевой	a	25.8
целиком	adv	36.3
целовать	v	32.7
целое	s	132.4
целый	a	229.6
цель	s	351.7
цена	s	369.0
цензура	s	23.3
ценить	v	39.8
ценность	s	97.5
ценный	a	62.1
центр	s	388.5
центральный	a	152.7
цепочка	s	21.5
цепь	s	30.3
церемония	s	29.9
церковный	a	56.5
церковь	s	195.1
цех	s	52.1
цивилизация	s	53.9
цивилизованный	a	34.1
цикл	s	44.4
цирк	s	65.7
цитата	s	30.1
цитировать	v	25.0
цифра	s	86.0
чай	s	76.0
чайка	s	20.3
час	s	473.2
частично	adv	26.5
частность	s	151.8
частный	a	155.3
часто	adv	325.9
частый	a	143.4
часть	s	671.5
часы	s	54.2
чей	apro	95.2
чей-то	apro	28.1
человек	s	2950.1
человеческий	a	189.8
человечество	s	77.1
чем	conj	820.6
чемодан	s	27.8
чемпион	s	69.4
чемпионат	s	117.2
через	pr	801.5
черный	a	266.1
черт	s	48.3
черта	s	86.9
честно	adv	65.1
честный	a	63.3
честь	s	99.3
четверг	s	35.2
четверо	num	21.9
это	part	474.7
это	spro	5872.9
этот	apro	5965.5
эфир	s	34.0
эффект	s	64.0
эффективно	adv	25.0
эффективность	s	56.8
эффективный	a	83.6
эшелон	s	20.3
юбилей	s	51.2
юбилейный	a	22.5
юг	s	45.6
южный	a	77.8
юмор	s	49.1
юность	s	43.3
юноша	s	36.5
юный	a	63.0
юридический	a	78.1
юрист	s	31.7
я	spro	10838.3
яблоко	s	69.2
явиться	v	68.8
явление	s	93.7
являться	v	526.4
явно	adv	115.3
явный	a	45.1
ягода	s	28.7
ядерный	a	65.8
язык	s	334.1
яйцо	s	32.7
якобы	part	60.7
яма	s	23.0
январь	s	166.0
японец	s	40.0
японский	a	86.1
яркий	a	105.7
ярко	adv	26.4
ярмарка	s	23.7
ясно	adv	114.5
ясный	a	78.7
ящик	s	48.9
актриса	s	76.0
актуальный	a	43.8
акцент	s	31.0
акционер	s	56.0
акционерный	a	21.3
акция	s	172.5
алкоголь	s	25.7
алмаз	s	20.8
альбом	s	33.4
альтернатива	s	20.6
альтернативный	a	26.4
альянс	s	19.8
амбиция	s	24.0
американец	s	144.7
американский	a	325.7
анализ	s	86.2
аналитик	s	37.1
аналог	s	20.4
аналогичный	a	54.4
ангел	s	24.2
английский	a	152.2
англичанин	s	48.5
анекдот	s	40.3
ансамбль	s	39.1
аплодисменты	s	28.8
аппарат	s	124.1
аппаратура	s	22.1
апрель	s	141.3
араб	s	22.6
арабский	a	34.8
арбитражный	a	21.0
аргумент	s	40.1
аренда	s	40.9
арест	s	65.3
арестовать	v	60.6
армейский	a	32.1
армия	s	292.9
аромат	s	25.6
арсенал	s	21.3
артист	s	187.4
бок	s	35.2
бокс	s	20.3
более	adv	879.3
более	num	274.0
болезненный	a	23.2
болезнь	s	120.8
болельщик	s	22.7
болеть	v	54.2
боль	s	86.5
больница	s	106.5
больно	adv	29.9
больной	a	65.0
больной	s	60.7
больше	adv	380.8
больше	num	274.5
большевик	s	43.3
больший	a	150.6
большинство	s	272.6
большой	a	1115.7
бомба	s	37.3
борец	s	22.9
бороться	v	96.4
борт	s	45.4
борьба	s	297.7
ботинок	s	28.2
бояться	v	192.3
брак	s	59.5
брат	s	199.1
брать	v	208.6
браться	v	40.5
бригада	s	67.6
британский	a	55.9
бродить	v	23.9
бросать	v	45.3
бросаться	v	24.0
бросить	v	103.7
броситься	v	34.4
брюки	s	21.3
будто	conj	87.9
будто	part	106.4
будущее	s	176.6
будущий	a	162.5
буква	s	52.3
буквально	adv	104.6
букет	s	21.8
бульвар	s	25.7
бумага	s	138.5
бумажка	s	22.6
буржуазный	a	19.8
бурный	a	37.2
буря	s	21.4
бутылка	s	68.8
бы	part	2167.0
бывать	v	294.8
бывший	a	261.8
былой	a	23.7
быстро	adv	208.4
быстрый	a	116.0
быт	s	49.0
бытие	s	36.4
влияние	s	123.2
влиятельный	a	23.7
влиять	v	45.4
вложение	s	21.2
вложить	v	36.6
вместе	adv	449.0
вместо	pr	172.0
вмешательство	s	25.5
вначале	adv	34.6
вне	pr	69.9
внедрение	s	33.3
внезапно	adv	32.0
внесение	s	20.8
внести	v	84.6
внешне	adv	32.1
внешний	a	159.3
внешность	s	26.1
вниз	adv	58.6
внизу	adv	25.9
внимание	s	314.1
внимательно	adv	52.1
внимательный	a	26.4
вновь	adv	139.5
вносить	v	32.9
внук	s	41.8
внутренний	a	246.4
внутри	adv	31.1
внутри	pr	68.5
во	pr	1357.1
вовремя	adv	37.5
вовсе	adv	147.6
во-вторых	adv	91.0
вода	s	394.1
водитель	s	77.3
водить	v	24.9
водка	s	72.2
водный	a	27.4
воевать	v	50.1
военнослужащий	s	51.4
военный	a	435.3
военный	s	59.6
вождь	s	54.8
возбудить	v	28.2
возврат	s	23.1
возвращать	v	22.8
возвращаться	v	120.4
возвращение	s	74.8
возглавить	v	37.5
возглавлять	v	62.2
воздействие	s	60.4
воздух	s	148.0
воздушный	a	76.0
возить	v	25.3
возле	pr	54.7
возможно	adv	191.9
возможность	s	506.0
возможный	a	206.1
возникать	v	147.4
возникновение	s	27.5
возникнуть	v	156.6
вывод	s	128.1
выводить	v	26.7
выглядеть	v	167.5
выгода	s	27.4
выгодно	adv	21.2
выгодный	a	48.7
выдавать	v	50.3
выдать	v	61.4
выдача	s	20.9
выдающийся	a	54.1
выдвинуть	v	33.0
выделить	v	79.5
выделять	v	29.6
выделяться	v	29.3
выдержать	v	58.3
выдерживать	v	20.9
выезд	s	24.9
выезжать	v	26.1
выехать	v	27.4
выжить	v	36.2
вызвать	v	182.6
вызов	s	45.4
вызывать	v	161.0
выиграть	v	88.8
выигрывать	v	22.7
выйти	v	439.4
вылететь	v	21.1
вынести	v	49.1
выносить	v	26.2
вынудить	v	57.2
вынужденный	a	59.1
выпасть	v	27.7
выпить	v	66.7
выплата	s	50.2
выполнение	s	76.6
выполнить	v	110.3
выполнять	v	106.6
выпуск	s	82.9
выпускать	v	70.5
выпускник	s	34.1
выпустить	v	77.8
выработать	v	23.2
выработка	s	20.3
выражать	v	40.1
выражаться	v	28.0
выражение	s	84.4
выразить	v	62.5
вырасти	v	109.1
вырваться	v	21.4
высказать	v	50.7
высказаться	v	23.9
высказывание	s	36.3
высказывать	v	20.1
выслушать	v	24.6
высокий	a	514.5
высоко	adv	67.8
высокопоставленный	a	21.3
высота	s	107.0
выставить	v	37.5
грозный	a	30.7
громадный	a	24.6
громкий	a	45.6
громко	adv	36.1
грубый	a	35.8
грудь	s	56.4
груз	s	49.0
грузинский	a	35.7
грузовик	s	28.7
грузовой	a	20.8
группа	s	460.4
группировка	s	47.0
грустный	a	31.0
грядущий	a	20.4
грязный	a	41.3
грязь	s	40.1
губа	s	45.0
губернатор	s	128.2
губерния	s	21.3
гулять	v	51.0
гуманитарный	a	22.9
густой	a	25.0
да	conj	527.1
да	part	425.7
дабы	conj	22.9
давай	part	30.4
давайте	part	50.5
давать	v	389.0
даваться	v	32.2
давление	s	71.2
давний	a	41.3
давно	adv	255.1
даже	conj	252.0
даже	part	1221.2
далее	adv	256.3
далекий	a	284.9
далеко	adv	170.9
дальнейшее	s	24.2
дальнейший	a	116.2
дальний	a	78.4
дама	s	76.6
данные	s	192.2
данный	apro	199.8
дар	s	45.8
дарить	v	26.1
дата	s	52.6
дать	v	551.7
дача	s	88.1
два	num	1342.9
двадцатый	anum	26.8
двадцать	num	141.3
дважды	adv	44.8
двенадцать	num	37.1
дверь	s	212.8
двести	num	30.4
двигатель	s	103.8
двигаться	v	77.5
движение	s	246.4
двое	num	80.7
двойной	a	35.2
долгий	a	158.8
долго	adv	222.9
долгосрочный	a	23.6
должен	a	1105.0
должно	adv	80.5
должностной	a	26.7
должность	s	122.4
должный	a	23.0
доллар	s	321.6
доложить	v	27.6
доля	s	131.3
дом	s	879.7
дома	adv	122.8
домашний	a	82.8
домик	s	39.5
домой	adv	133.9
дон	s	38.9
дополнение	s	22.8
дополнительный	a	116.7
допрос	s	27.0
допускать	v	36.9
допустить	v	83.7
дорога	s	308.6
дорогой	a	222.7
дорожка	s	30.3
дорожный	a	39.5
доска	s	52.6
доставать	v	21.3
доставить	v	40.7
доставка	s	23.4
доставлять	v	24.0
достаточно	adv	265.2
достаточный	a	37.3
достать	v	49.2
достаться	v	48.2
достигать	v	34.7
достигнуть	v	122.8
достижение	s	91.1
достоинство	s	80.0
достойный	a	76.6
доступ	s	41.9
доступный	a	46.3
доход	s	150.8
доходить	v	33.9
дочка	s	48.5
дочь	s	132.3
драгоценный	a	23.9
драка	s	22.4
драма	s	39.8
драматический	a	42.4
драматург	s	26.0
древний	a	84.1
дрова	s	20.0
дрожать	v	20.0
друг	s	850.9
другое	spro	38.6
другой	apro	1970.0
дружба	s	76.2
дружеский	a	27.1
дружить	v	34.3
задать	v	43.1
задача	s	317.1
задержать	v	41.5
задний	a	65.6
задолженность	s	30.5
задумать	v	30.3
задуматься	v	35.1
задумываться	v	33.1
заинтересованный	a	23.3
заинтересовать	v	46.8
зайти	v	67.8
заказ	s	79.8
заказать	v	36.6
заказчик	s	48.0
заканчивать	v	29.6
заканчиваться	v	37.3
заключаться	v	73.3
заключение	s	82.2
заключенный	s	28.8
заключить	v	61.9
закон	s	543.4
законный	a	41.6
законодательный	a	65.1
законодательство	s	90.9
законопроект	s	74.9
закончить	v	99.1
закончиться	v	84.4
закрепить	v	29.0
закрывать	v	27.0
закрытие	s	20.2
закрытый	a	54.5
закрыть	v	71.0
закупка	s	23.7
зал	s	286.3
залив	s	20.7
залить	v	23.0
залог	s	21.9
заложить	v	50.3
заложник	s	37.1
зам	s	22.7
замена	s	42.1
заменить	v	64.3
заместитель	s	171.2
заметить	v	194.1
заметка	s	39.1
заметно	adv	39.9
заметный	a	51.1
замечание	s	41.2
замечательно	adv	20.8
замечательный	a	125.5
замечать	v	61.4
замок	s	43.2
замуж	adv	34.3
замысел	s	54.0
занавес	s	25.1
занимать	v	140.6
заниматься	v	325.8
заново	adv	27.4
занятие	s	109.7
идеальный	a	47.0
идеологический	a	49.2
идеология	s	58.5
идея	s	346.5
идти	v	891.7
из	pr	4772.9
избавиться	v	29.6
избегать	v	24.7
избежать	v	46.4
избиратель	s	59.3
избирательный	a	60.6
избрать	v	65.4
известно	adv	188.7
известность	s	23.1
известный	a	391.4
извинить	v	27.1
изготовить	v	29.1
изготовление	s	32.5
издавать	v	20.2
издание	s	113.4
издатель	s	25.7
издательство	s	61.7
издать	v	43.8
изделие	s	58.4
издержки	s	24.0
из-за	pr	285.3
изложить	v	30.5
изменение	s	172.2
изменить	v	102.2
измениться	v	102.6
измерение	s	22.4
изначально	adv	28.5
изображать	v	34.6
изображение	s	43.4
изобразить	v	29.4
изобретение	s	21.7
из-под	pr	54.6
израильский	a	42.1
изучать	v	58.9
изучение	s	50.6
изучить	v	31.5
изъять	v	20.0
изящный	a	25.2
икона	s	36.2
ил	s	24.6
или	conj	2274.3
иллюзия	s	32.3
именно	part	672.6
именовать	v	20.8
иметь	v	999.2
иметься	v	133.7
имидж	s	24.5
император	s	37.7
империя	s	52.4
импорт	s	21.6
импортный	a	23.9
имущество	s	72.9
имя	s	499.9
иначе	advpro	141.5
иначе	conj	42.6
камень	s	104.3
камера	s	71.4
кампания	s	92.7
канал	s	97.0
кандидат	s	103.6
кандидатура	s	31.5
капитал	s	90.2
капитализм	s	28.7
капитальный	a	21.7
капитан	s	61.5
капля	s	29.0
капуста	s	23.0
карандаш	s	30.0
карман	s	61.2
карта	s	94.7
картина	s	242.7
картинка	s	33.9
карточка	s	39.3
картошка	s	25.2
карьера	s	67.7
касаться	v	206.2
касса	s	21.6
катание	s	21.1
катастрофа	s	55.4
кататься	v	26.0
категорически	adv	29.9
категория	s	78.9
кафе	s	40.6
кафедра	s	34.6
качественный	a	44.4
качество	s	401.5
квадратный	a	67.2
квалификация	s	33.8
квартал	s	44.4
квартира	s	302.2
квота	s	24.8
киевский	a	22.6
килограмм	s	32.8
километр	s	98.3
кинематограф	s	22.4
кино	s	159.1
кинотеатр	s	30.0
кирпич	s	24.4
китаец	s	25.6
китайский	a	71.1
кладбище	s	41.9
класс	s	185.2
классик	s	27.9
классика	s	31.3
классический	a	80.1
класть	v	27.1
клетка	s	49.7
клиент	s	115.8
климат	s	30.1
клиника	s	25.3
клоун	s	23.8
клуб	s	160.6
ключ	s	54.0
ключевой	a	43.5
книга	s	566.5
корпорация	s	44.2
корпус	s	74.4
корреспондент	s	96.1
коррупция	s	41.8
космический	a	69.3
космонавт	s	23.6
космос	s	41.6
коснуться	v	23.9
костер	s	29.3
кость	s	34.1
костюм	s	96.5
кот	s	20.3
который	apro	4981.7
кофе	s	41.8
кошка	s	36.7
краевой	a	19.8
край	s	172.9
крайне	adv	83.3
крайний	a	113.7
красавица	s	33.4
красиво	adv	25.2
красивый	a	170.7
краска	s	52.0
красноярский	a	23.4
красный	a	227.1
красота	s	100.0
краткий	a	28.3
кредит	s	96.6
кредитный	a	34.1
кредитование	s	24.6
крем	s	21.7
кремлевский	a	46.8
крепкий	a	58.8
крепко	adv	30.9
крепость	s	23.4
кресло	s	65.9
крест	s	47.6
крестьянин	s	58.7
крестьянский	a	25.4
кризис	s	88.0
крик	s	49.4
криминальный	a	31.1
критерий	s	39.8
критик	s	54.1
критика	s	70.9
критиковать	v	26.3
критический	a	39.3
кричать	v	81.4
кровавый	a	29.1
кровать	s	44.9
кровь	s	131.6
кроме	pr	406.4
круг	s	186.7
круглый	a	57.8
кружок	s	22.6
крупнейший	a	86.2
крупный	a	294.8
крутить	v	21.1
крутой	a	39.7
крыло	s	51.0
максимально	adv	34.3
максимальный	a	53.0
максимум	s	24.3
малейший	a	28.0
маленький	a	378.8
мало	adv	140.2
мало	num	181.0
малый	a	175.5
малыш	s	29.3
мальчик	s	111.7
мальчишка	s	38.7
мама	s	275.6
мамин	a	20.0
маневр	s	20.4
манеж	s	24.5
манера	s	48.2
марка	s	74.9
март	s	146.2
маршал	s	30.0
маршрут	s	44.1
маска	s	41.2
масло	s	74.5
масса	s	144.2
массовый	a	139.8
мастер	s	139.5
мастерская	s	44.0
мастерство	s	42.2
масштаб	s	72.3
масштабный	a	23.2
математика	s	20.7
материал	s	270.1
материальный	a	72.6
матч	s	92.6
мать	s	204.5
машина	s	498.9
мгновение	s	30.3
мгновенно	adv	31.3
мебель	s	61.9
медаль	s	48.1
медведь	s	32.0
медицина	s	33.9
медицинский	a	97.5
медленно	adv	57.4
медленный	a	22.4
медный	a	20.9
между	pr	631.3
международный	a	281.5
мелкий	a	93.2
мелодия	s	32.9
мелочь	s	40.8
мемуары	s	20.4
менеджер	s	51.0
менеджмент	s	21.6
менее	adv	268.4
меньше	num	104.6
меньший	a	58.6
менять	v	92.3
меняться	v	80.7
мера	s	331.5
мероприятие	s	94.4
мышца	s	22.7
мэр	s	75.0
мэрия	s	26.2
мягкий	a	69.9
мягко	adv	27.2
мясо	s	61.0
мяч	s	31.4
на	pr	16596.9
набережная	s	29.1
набирать	v	28.7
наблюдатель	s	23.5
наблюдать	v	87.2
наблюдаться	v	33.9
наблюдение	s	51.0
набор	s	56.4
набрать	v	40.1
наверно	adv	29.1
наверное	adv	190.9
наверняка	adv	55.5
навсегда	adv	66.8
навстречу	adv	36.7
навык	s	25.3
награда	s	51.6
наградить	v	30.8
нагрузка	s	53.2
над	pr	492.5
надежда	s	173.2
надежность	s	21.6
надежный	a	54.5
надеть	v	35.0
надеяться	v	140.6
надо	adv	877.1
надоесть	v	26.2
надолго	adv	29.5
надпись	s	49.6
назад	adv	310.3
название	s	207.2
назвать	v	258.7
назначение	s	94.2
назначить	v	111.1
называть	v	361.7
называться	v	147.6
наиболее	adv	199.6
наибольший	a	34.1
наивный	a	31.0
найти	v	401.5
найтись	v	58.7
наказание	s	47.7
наказать	v	20.0
накануне	adv	21.1
накануне	pr	51.3
наконец	adv	235.4
накопить	v	23.3
накопление	s	22.1
наладить	v	28.9
наличие	s	79.9
налог	s	189.9
налоговый	a	144.3
налогообложение	s	27.8
налогоплательщикнелепый	a	24.0
нельзя	adv	328.6
немало	num	84.0
немалый	a	41.6
немедленно	adv	71.2
немец	s	114.9
немецкий	a	152.9
немного	adv	122.5
немного	num	31.2
немножко	adv	23.5
немыслимый	a	20.0
ненавидеть	v	33.7
ненависть	s	36.1
ненужный	a	21.5
необходимо	adv	185.3
необходимость	s	153.5
необходимый	a	245.3
необыкновенный	a	22.8
необычный	a	50.8
неоднократно	adv	40.4
неожиданно	adv	90.4
неожиданность	s	22.2
неожиданный	a	72.3
неплохо	adv	39.7
неплохой	a	37.6
неповторимый	a	21.6
неподалеку	adv	26.0
непонятно	adv	29.7
непонятный	a	38.0
непосредственно	adv	53.9
непосредственный	a	43.7
неправильный	a	29.3
непременно	adv	42.1
неприятность	s	33.2
неприятный	a	43.9
непростой	a	36.6
нерв	s	25.6
нервный	a	37.5
нередко	adv	59.6
несколько	adv	94.1
несколько	num	766.1
несмотря	adv	200.4
несомненно	adv	42.8
нести	v	104.1
несчастный	a	46.7
несчастье	s	26.6
нет	adv	848.3
нет	part	353.0
неудача	s	32.4
неудачный	a	20.9
неужели	part	54.8
нефть	s	101.9
нефтяной	a	62.1
нечего	advpro	53.7
нечто	spro	81.9
ни	conj	545.8
ни	part	842.5
нигде	advpro	39.5
нижегородский	a	23.0
общий	a	525.1
община	s	30.4
объединение	s	99.5
объединить	v	66.9
объединять	v	31.3
объект	s	161.1
объективно	adv	19.8
объективный	a	42.2
объем	s	205.8
объявить	v	137.1
объявление	s	33.9
объявлять	v	24.9
объяснение	s	50.6
объяснить	v	139.4
объяснять	v	96.5
объясняться	v	34.7
обыкновенный	a	34.8
обыск	s	20.8
обычай	s	26.5
обычно	adv	177.7
обычный	a	164.9
обязанность	s	78.8
обязанный	a	56.4
обязательно	adv	131.2
обязательный	a	80.6
обязательство	s	60.0
обязать	v	37.1
овощи	s	28.3
огонек	s	24.2
огонь	s	120.2
ограничение	s	54.3
ограниченный	a	28.7
ограничиваться	v	20.2
ограничить	v	34.6
ограничиться	v	21.7
огромный	a	320.6
одежда	s	92.6
одетый	a	20.4
одеть	v	28.5
один	anum	537.1
один	apro	2454.5
одинаково	adv	24.8
одинаковый	a	43.4
одиннадцать	num	23.4
одинокий	a	37.6
одиночество	s	37.1
однажды	adv	192.8
однако	adv	35.4
однако	conj	631.7
одновременно	adv	145.6
одобрить	v	35.5
ожидание	s	63.8
ожидать	v	119.4
ожидаться	v	28.3
озеро	s	48.9
означать	v	113.7
оказание	s	21.9
оказать	v	50.5
оказаться	v	637.1
оказывать	v	54.9
отбор	s	26.6
отвести	v	33.6
ответ	s	275.3
ответить	v	249.9
ответственность	s	146.5
ответственный	a	57.0
отвечать	v	229.4
отдавать	v	76.6
отдать	v	129.5
отдел	s	148.2
отделение	s	117.1
отдельно	adv	37.8
отдельный	a	186.9
отдохнуть	v	27.3
отдых	s	71.8
отдыхать	v	45.5
отель	s	48.1
отец	s	456.2
отечественный	a	167.4
отечество	s	39.9
отзыв	s	23.5
отказ	s	69.3
отказать	v	35.7
отказаться	v	153.6
отказываться	v	66.2
откровенно	adv	37.9
откровенный	a	29.7
открывать	v	76.2
открываться	v	42.0
открытие	s	102.3
открытка	s	23.5
открыто	adv	31.4
открытый	a	146.0
открыть	v	178.4
открыться	v	61.3
откуда	advpro	105.5
отличать	v	21.1
отличаться	v	110.1
отличие	s	121.1
отлично	adv	38.1
отличный	a	56.0
отложить	v	25.8
отмена	s	30.3
отменить	v	47.4
отметить	v	175.1
отмечать	v	72.3
отмечаться	v	25.5
отнести	v	36.3
отнестись	v	30.5
относительно	adv	20.5
относительно	pr	46.5
относиться	v	221.6
отношение	s	670.0
отныне	adv	20.5
отнюдь	adv	62.6
отнять	v	21.0
отобрать	v	30.9
отойти	v	36.9
отправить	v	80.8
отправиться	v	89.1
передний	a	42.9
передо	pr	21.4
передовой	a	27.5
переехать	v	35.0
переживание	s	24.4
переживать	v	58.3
пережить	v	57.4
перейти	v	111.9
перемена	s	60.2
перенести	v	44.1
переносить	v	26.0
переписка	s	24.7
переработка	s	26.5
перерыв	s	40.1
переставать	v	28.7
перестать	v	83.9
перестройка	s	53.2
переулок	s	40.3
переход	s	86.8
переходить	v	49.3
перец	s	21.3
перечень	s	32.2
перечислить	v	27.3
период	s	244.7
пермский	a	43.7
перо	s	32.8
персонаж	s	72.5
персонал	s	37.7
персональный	a	23.3
перспектива	s	114.4
перспективный	a	38.7
песнь	s	20.8
песня	s	240.2
песок	s	38.9
петербургский	a	36.2
петь	v	173.6
печальный	a	43.8
печатать	v	32.7
печатный	a	27.2
печать	s	78.1
печь	s	28.1
пиво	s	58.3
пиджак	s	22.6
пилот	s	47.5
писатель	s	254.7
писательский	a	24.6
писать	v	559.6
писаться	v	20.6
пистолет	s	43.9
письменный	a	31.3
письмо	s	377.2
питание	s	54.5
питерский	a	31.2
пить	v	131.7
пища	s	43.4
плавание	s	21.2
плавать	v	25.3
плакат	s	24.4
плакать	v	64.1
план	s	297.9
подчеркнуть	v	65.2
подчиняться	v	21.3
подъезд	s	38.0
подъем	s	45.8
поединок	s	21.5
поезд	s	89.1
поездка	s	113.1
поехать	v	134.7
пожалуй	adv	103.3
пожалуйста	part	50.3
пожар	s	44.7
пожелание	s	24.4
пожелать	v	30.9
пожилой	a	41.7
поза	s	20.7
позвать	v	26.5
позволить	v	182.5
позволять	v	200.7
позвонить	v	116.1
поздний	a	191.0
поздно	adv	89.8
поздравлять	v	27.9
позитивный	a	24.7
позиция	s	245.0
познакомиться	v	83.4
поинтересоваться	v	23.2
поиск	s	122.0
поистине	adv	23.3
поймать	v	32.9
пойти	v	406.6
пока	adv	242.6
пока	conj	346.9
показ	s	28.3
показание	s	31.7
показатель	s	82.5
показательный	a	23.9
показать	v	260.3
показаться	v	99.6
показывать	v	161.2
покидать	v	31.7
покинуть	v	54.1
поклонник	s	37.5
покой	s	47.1
поколение	s	147.1
покончить	v	22.2
покрытие	s	30.3
покрыть	v	32.8
покупатель	s	73.6
покупать	v	90.1
покупка	s	65.6
пол	s	114.0
полагать	v	97.3
полагаться	v	41.5
полгода	s	54.2
поле	s	162.2
полевой	a	22.7
полезный	a	88.8
полет	s	100.0
полететь	v	21.4
полигон	s	22.0
постановление	s	85.7
постараться	v	45.2
постель	s	30.4
постепенно	adv	101.2
посторонний	a	23.1
постоянно	adv	167.3
постоянный	a	136.6
пострадать	v	37.4
построение	s	26.6
построить	v	154.4
постройка	s	23.1
поступать	v	88.9
поступить	v	108.8
поступление	s	36.4
поступок	s	53.1
посуда	s	26.0
посчитать	v	24.5
посылать	v	33.7
потенциал	s	51.8
потенциальный	a	46.8
потеря	s	91.6
потерять	v	132.7
поток	s	90.4
потолок	s	41.9
потом	advpro	829.1
потомок	s	25.8
потому	advpro	732.1
потратить	v	35.2
потребитель	s	72.9
потребительский	a	22.5
потребление	s	34.9
потребность	s	72.5
потребовать	v	59.9
потребоваться	v	37.5
потрясать	v	23.9
потрясти	v	34.0
поход	s	35.9
похоже	adv	64.4
похожий	a	172.0
похоронить	v	26.7
похороны	s	29.2
почва	s	60.1
почему	advpro	424.2
почему-то	advpro	108.2
почетный	a	48.5
почитать	v	27.1
почта	s	38.3
почти	adv	544.8
почтовый	a	24.4
почувствовать	v	88.2
пошлина	s	23.1
поэзия	s	92.6
поэма	s	41.4
поэт	s	235.3
поэтический	a	42.1
поэтому	advpro	521.8
появиться	v	371.0
появление	s	99.0
появляться	v	136.2
пояс	s	26.1
прибор	s	50.9
прибыль	s	77.2
прибыть	v	67.2
приватизация	s	46.5
привезти	v	89.5
привести	v	237.4
привет	s	24.3
приветствовать	v	27.8
привлекательный	a	33.2
привлекать	v	51.8
привлечение	s	34.8
привлечь	v	67.8
приводить	v	95.9
привозить	v	22.1
привыкнуть	v	77.7
привычка	s	45.0
привычный	a	63.8
пригласить	v	139.0
приглашать	v	57.9
приглашение	s	44.2
приговор	s	43.3
пригодиться	v	20.3
приготовить	v	33.4
приготовление	s	21.8
придавать	v	38.5
придать	v	28.0
придерживаться	v	25.9
придумать	v	100.8
придумывать	v	21.6
приезд	s	50.0
приезжать	v	111.9
прием	s	138.5
приехать	v	264.7
приз	s	40.1
призвать	v	50.2
признавать	v	55.8
признаваться	v	45.3
признак	s	65.7
признание	s	72.1
признать	v	118.7
признаться	v	51.8
призыв	s	54.9
призывать	v	39.1
прийти	v	490.4
прийтись	v	339.2
приказ	s	77.5
приказать	v	35.6
приключение	s	24.2
прилететь	v	30.4
приличный	a	37.2
приложить	v	20.8
применение	s	91.3
применить	v	27.1
применять	v	45.8
применяться	v	31.8
пример	s	261.5
примерно	adv	153.8
примитивный	a	19.9
приморский	a	20.4
принадлежать	v	131.7
просто	part	640.9
простой	a	305.3
простор	s	26.4
простота	s	23.2
пространство	s	138.1
просьба	s	98.3
протест	s	42.7
против	pr	327.3
противник	s	126.8
противный	a	25.6
противоположный	a	43.8
противоречие	s	41.4
противоречить	v	29.4
противостояние	s	29.6
противостоять	v	26.0
протокол	s	44.3
протяжение	s	52.9
протянуть	v	30.0
профессионал	s	51.8
профессиональный	a	148.4
профессия	s	88.2
профессор	s	105.8
профиль	s	25.7
профсоюз	s	35.5
проходить	v	210.0
прохождение	s	20.6
процедура	s	75.1
процент	s	267.5
процентный	a	30.8
процесс	s	340.2
прочее	spro	94.5
прочесть	v	74.6
прочий	apro	122.3
прочитать	v	80.2
прочный	a	27.0
прошедший	a	33.9
прошлогодний	a	20.4
прошлое	s	129.1
прошлый	a	261.2
прощать	v	23.6
прощаться	v	21.9
проявить	v	54.3
проявление	s	45.8
проявлять	v	44.3
проявляться	v	30.9
пруд	s	24.8
прыгать	v	27.1
прыжок	s	22.1
прямо	adv	94.3
прямо	part	92.1
прямой	a	143.4
психолог	s	23.0
психологический	a	56.5
психология	s	30.7
птица	s	69.3
публика	s	134.0
публикация	s	77.2
публиковать	v	25.0
публично	adv	26.1
распространяться	v	28.9
рассказ	s	157.1
рассказать	v	258.4
рассказывать	v	266.5
расследование	s	42.4
рассматривать	v	79.7
рассматриваться	v	37.8
рассмотрение	s	45.4
рассмотреть	v	51.4
расставаться	v	20.9
расстаться	v	27.3
расстояние	s	44.7
расстрел	s	24.9
расстрелять	v	39.0
рассуждать	v	29.0
рассуждение	s	23.4
рассчитать	v	46.8
рассчитывать	v	76.2
растение	s	74.3
расти	v	146.6
расход	s	123.0
расчет	s	111.4
расширение	s	44.1
расширить	v	28.1
рациональный	a	20.1
рваться	v	24.5
реагировать	v	37.1
реакция	s	88.1
реализация	s	111.5
реализовать	v	54.4
реально	adv	42.9
реальность	s	76.8
реальный	a	210.1
ребенок	s	634.0
ребята	s	134.1
революционный	a	47.5
революция	s	155.6
регион	s	267.5
региональный	a	132.0
регистрация	s	44.2
регулирование	s	34.5
регулировать	v	22.1
регулярно	adv	46.2
регулярный	a	25.2
редактор	s	97.1
редакция	s	131.1
редкий	a	91.8
редко	adv	71.7
редкость	s	25.7
режим	s	137.3
режиссер	s	211.1
режиссерский	a	26.4
резерв	s	37.8
резкий	a	71.6
резко	adv	82.9
резолюция	s	21.0
результат	s	461.8
рейс	s	24.4
рейтинг	s	54.2
река	s	101.2
сборник	s	43.7
свадьба	s	35.9
сведение	s	82.2
свежий	a	74.2
сверху	adv	47.1
свести	v	29.3
свет	s	268.9
светлый	a	70.3
светский	a	29.0
свеча	s	25.9
свидание	s	28.3
свидетель	s	55.6
свидетельство	s	53.5
свидетельствовать	v	70.4
свобода	s	215.7
свободно	adv	32.8
свободный	a	165.1
сводить	v	19.8
сводиться	v	26.8
своеобразный	a	53.5
свой	apro	4293.9
свойственный	a	30.2
свойство	s	55.1
свыше	pr	37.3
связанный	a	125.6
связать	v	174.5
связывать	v	38.7
связь	s	367.4
святейший	a	20.7
святой	a	105.6
священник	s	42.4
священный	a	38.0
сдавать	v	40.0
сдать	v	56.6
сдача	s	24.4
сделать	v	828.9
сделаться	v	20.2
сделка	s	58.9
себе	part	23.7
себя	spro	2028.6
север	s	54.4
северный	a	127.6
сегодня	adv	585.3
сегодняшний	a	120.5
седой	a	21.4
седьмой	anum	32.2
сезон	s	126.5
сей	apro	261.6
сейчас	advpro	829.3
секрет	s	62.8
секретарь	s	121.9
секретный	a	26.9
секс	s	24.9
сексуальный	a	30.2
сектор	s	69.6
секунда	s	74.0
секция	s	22.5
село	s	83.1
сельский	a	95.0
смерть	s	271.5
смесь	s	35.6
смех	s	49.6
смешно	adv	23.4
смешной	a	60.3
смеяться	v	74.7
смотреть	v	426.0
смотреться	v	20.4
смочь	v	323.2
смысл	s	302.6
снаряд	s	23.8
сначала	adv	178.3
снег	s	84.4
снежный	a	22.9
снижать	v	24.3
снижение	s	84.5
снизить	v	39.7
снизиться	v	24.2
снимать	v	123.6
сниматься	v	48.8
снимок	s	27.8
снова	adv	235.8
снять	v	165.9
со	pr	1179.9
собака	s	105.8
собеседник	s	42.8
собирать	v	83.1
собираться	v	204.5
соблюдать	v	25.2
соблюдение	s	28.1
собор	s	51.6
собрание	s	146.9
собрать	v	117.0
собраться	v	97.3
собственник	s	38.2
собственно	adv	95.1
собственность	s	115.9
собственный	a	407.5
событие	s	284.5
совершать	v	47.2
совершенно	adv	296.4
совершенный	a	26.3
совершенство	s	20.4
совершенствование	s	31.7
совершить	v	90.4
совесть	s	56.2
совет	s	369.3
советник	s	37.1
советовать	v	35.1
советский	a	643.9
совещание	s	67.3
совместно	adv	39.7
совместный	a	96.4
совпадать	v	30.9
современник	s	50.5
современный	a	322.5
совсем	adv	385.9
совхоз	s	21.5
согласие	s	59.1
способность	s	96.4
способный	a	185.0
способствовать	v	75.0
справа	adv	23.3
справедливость	s	49.6
справедливый	a	39.7
справиться	v	49.0
справка	s	46.1
справляться	v	22.3
спрашивать	v	143.2
спрос	s	71.5
спросить	v	246.0
спрятать	v	23.0
спускаться	v	25.5
спуститься	v	22.3
спустя	pr	106.6
спутник	s	38.1
сравнение	s	113.5
сравнивать	v	28.2
сравнительно	adv	28.0
сравнить	v	28.7
сражение	s	22.0
сразу	adv	427.1
среда	s	145.4
среди	pr	372.4
среднее	s	41.7
средний	a	202.4
средство	s	458.9
срок	s	234.6
срочно	adv	40.8
срочный	a	22.4
ссылаться	v	24.2
ссылка	s	40.5
стабильность	s	35.3
стабильный	a	26.9
ставить	v	167.9
ставиться	v	21.9
ставка	s	94.6
стадион	s	28.6
стадия	s	38.8
стаж	s	19.8
стакан	s	42.5
сталинский	a	51.4
сталкиваться	v	31.0
стальной	a	22.5
стандарт	s	66.9
стандартный	a	31.1
становиться	v	296.4
становление	s	20.3
станок	s	21.6
станция	s	128.5
стараться	v	160.8
старик	s	86.1
старинный	a	57.5
старость	s	27.2
старт	s	45.2
стартовать	v	19.8
старушка	s	22.0
старший	a	149.4
старый	a	360.9
съемка	s	83.4
съесть	v	30.3
сыграть	v	139.2
сын	s	257.8
сырой	a	20.3
сырье	s	41.9
сюда	advpro	91.0
сюжет	s	85.2
сюрприз	s	21.4
таблетка	s	19.8
таблица	s	31.4
таинственный	a	28.3
тайна	s	76.9
тайный	a	47.7
так	advpro	3100.0
также	adv	662.6
таков	apro	85.3
таковой	apro	51.8
такой	apro	2700.0
такой-то	apro	25.6
такси	s	25.3
тактика	s	32.1
тактический	a	23.0
талант	s	95.9
талантливый	a	83.0
там	advpro	899.8
там	part	35.3
таможенный	a	39.7
танец	s	76.5
танк	s	52.6
танцевать	v	44.6
тарелка	s	25.7
тариф	s	76.5
твердо	adv	32.3
твердый	a	44.9
тверской	a	27.6
твой	apro	183.6
творение	s	21.5
творец	s	19.9
творить	v	30.8
творческий	a	139.0
творчество	s	114.8
театр	s	611.9
театральный	a	116.7
тезис	s	27.9
текст	s	188.2
текущий	a	56.2
телевидение	s	94.9
телевизионный	a	42.4
телевизор	s	65.9
телеграмма	s	36.7
телеканал	s	21.8
телефон	s	146.7
телефонный	a	54.3
тело	s	170.8
тема	s	264.4
темнота	s	29.2
темный	a	74.6
темп	s	70.8
температура	s	64.9
тщательно	adv	46.3
ты	spro	1213.7
тыл	s	23.2
тысяча	s	636.1
тюремный	a	21.4
тюрьма	s	91.1
тяга	s	21.4
тяжело	adv	58.6
тяжелый	a	167.2
тяжесть	s	25.8
тяжкий	a	28.2
тянуть	v	47.2
тянуться	v	30.4
у	pr	3906.7
убедить	v	61.9
убедиться	v	47.5
убеждать	v	27.1
убеждение	s	37.5
убежденный	a	27.3
убивать	v	41.1
убийство	s	75.8
убийца	s	27.8
убить	v	101.5
убрать	v	39.5
убыток	s	25.3
уважаемый	a	46.9
уважать	v	45.5
уважение	s	62.2
увеличение	s	79.8
увеличивать	v	24.7
увеличиваться	v	26.3
увеличить	v	69.4
увеличиться	v	45.8
уверенно	adv	31.3
уверенность	s	51.3
уверенный	a	120.2
уверить	v	21.9
уверять	v	30.0
увидеть	v	355.5
увлекаться	v	21.6
увлечение	s	31.6
уволить	v	26.0
увы	intj	77.0
уговаривать	v	22.6
уговорить	v	21.2
угодно	adv	31.8
угодно	part	27.0
угол	s	101.3
уголовный	a	100.1
уголок	s	29.9
уголь	s	35.6
угрожать	v	25.9
угроза	s	102.5
удаваться	v	71.8
удар	s	140.8
ударить	v	32.8
удаться	v	271.5
удача	s	42.5
удачно	adv	23.6
удачный	a	45.7
учеба	s	37.7
учебник	s	31.3
учебный	a	84.0
учение	s	50.1
ученик	s	86.0
ученый	a	21.9
ученый	s	136.0
учесть	v	50.6
учет	s	109.1
училище	s	54.1
учитель	s	112.5
учительница	s	20.2
учитывать	v	77.6
учить	v	76.6
учиться	v	154.5
учреждение	s	86.0
ущерб	s	48.3
уютный	a	23.4
фабрика	s	53.8
факт	s	207.7
фактически	adv	89.7
фактический	a	22.9
фактор	s	83.8
факультет	s	49.6
фамилия	s	120.4
фантазия	s	42.3
фантастический	a	31.8
февраль	s	121.5
федеральный	a	273.9
федерация	s	212.8
феномен	s	21.9
фестиваль	s	106.5
фигура	s	97.9
физик	s	20.3
физика	s	32.5
физически	adv	22.4
физический	a	106.2
филиал	s	41.9
философ	s	32.4
философия	s	49.0
философский	a	34.0
фильм	s	380.1
финал	s	52.9
финансирование	s	78.2
финансовый	a	208.0
финансы	s	43.9
финский	a	23.2
фирма	s	242.8
фирменный	a	23.1
флаг	s	37.0
флот	s	60.6
фон	s	83.7
фонд	s	206.7
форма	s	325.5
формально	adv	24.8
формальный	a	26.6
формат	s	20.5
формирование	s	91.0
формировать	v	27.9
формироваться	v	29.6
четвертый	anum	88.3
четверть	s	36.5
четкий	a	43.3
четко	adv	55.1
четыре	num	261.3
чеченец	s	37.3
чеченский	a	85.7
чин	s	25.1
чиновник	s	147.0
численность	s	42.2
число	s	470.1
чисто	adv	64.8
чистота	s	32.6
чистый	a	144.5
читатель	s	196.3
читать	v	332.8
член	s	294.1
чрезвычайно	adv	54.3
чрезвычайный	a	25.8
чтение	s	82.2
что	advpro	47.9
что	conj	8785.7
что	spro	3136.8
чтоб	conj	76.0
чтобы	conj	1613.5
что-либо	spro	25.2
что-нибудь	spro	87.5
что-то	spro	488.1
чувство	s	247.4
чувствовать	v	203.6
чувствоваться	v	24.3
чудесный	a	33.9
чудо	s	91.3
чудовищный	a	22.4
чуждый	a	28.2
чужой	a	129.0
чуть	adv	202.8
чуть-чуть	adv	23.7
шаг	s	163.6
шампанское	s	25.1
шанс	s	84.6
шапка	s	23.3
шар	s	34.0
шахматный	a	29.9
шахматы	s	31.2
шахта	s	27.9
шедевр	s	22.6
шестой	anum	39.6
шесть	num	134.3
шестьдесят	num	22.2
шеф	s	24.8
шея	s	38.4
шина	s	25.7
ширина	s	19.8
широкий	a	164.0
широко	adv	55.7
шкаф	s	27.6
школа	s	387.1
школьник	s	35.3
школьный	a	59.8
архив	s	46.2
архитектор	s	53.9
архитектура	s	42.9
архитектурный	a	31.3
аспект	s	33.9
ассоциация	s	67.0
асфальт	s	22.1
атака	s	50.0
атмосфера	s	78.2
атомный	a	38.6
аудитория	s	50.4
аукцион	s	29.7
ах	intj	41.3
аэродром	s	26.2
аэропорт	s	54.4
б	part	38.4
баба	s	28.5
бабушка	s	86.2
база	s	180.2
базовый	a	39.1
баланс	s	31.6
балет	s	41.4
балкон	s	24.9
бандит	s	45.1
банк	s	252.0
банка	s	48.2
банковский	a	48.1
банкротство	s	24.0
баня	s	30.1
бар	s	25.6
барак	s	19.9
барьер	s	29.1
бассейн	s	32.3
батальон	s	28.1
батарея	s	23.6
башня	s	34.6
бегать	v	39.8
беда	s	81.1
бедность	s	26.2
бедный	a	84.1
бытовой	a	46.6
быть	v	12844.9
бюджет	s	241.1
бюджетный	a	79.7
бюро	s	44.3
в	pr	36182.6
вагон	s	58.8
важнейший	a	54.3
важно	adv	78.6
важность	s	20.9
важный	a	332.2
валюта	s	43.4
валютный	a	35.9
вариант	s	192.2
варить	v	22.1
ваш	apro	484.8
введение	s	53.1
вверх	adv	45.4
ввести	v	89.6
вводить	v	31.9
вдвое	adv	25.3
вдвоем	adv	23.0
вдова	s	25.5
вдоль	pr	46.3
вдруг	adv	301.0
ведение	s	51.4
ведомство	s	91.5
ведущий	a	80.7
ведь	conj	266.6
ведь	part	406.0
везде	advpro	50.8
везти	v	44.2
век	s	376.0
велеть	v	27.8
великий	a	338.9
великолепный	a	43.4
величайший	a	20.9
величина	s	40.1
велосипед	s	21.5
вена	s	23.0
вера	s	135.3
верить	v	177.4
вернее	adv	35.2
верно	adv	30.5
верность	s	22.3
вернуть	v	76.1
вернуться	v	287.2
верный	a	93.7
вероятно	adv	78.7
вероятность	s	28.8
вероятный	a	19.8
версия	s	89.9
вертолет	s	58.0
верх	s	32.3
верхний	a	64.5
верховный	a	66.9
вершина	s	38.4
вес	s	60.7
весело	adv	32.6
веселый	a	89.9
возражать	v	28.8
возраст	s	143.8
возрастать	v	24.0
возрасти	v	40.9
возрождение	s	41.9
воин	s	30.5
воинский	a	40.1
война	s	613.6
войско	s	187.4
войти	v	181.7
вокзал	s	55.1
вокруг	adv	50.4
вокруг	pr	158.4
волк	s	25.8
волна	s	80.5
волнение	s	36.0
волновать	v	41.8
волноваться	v	38.2
волос	s	73.7
волшебный	a	25.1
вольный	a	26.6
воля	s	124.1
вон	part	21.0
воображение	s	30.9
вообще	adv	423.1
вообще-то	part	25.6
вооружение	s	89.9
вооруженный	a	98.0
во-первых	adv	108.8
воплощение	s	22.9
вопреки	pr	37.0
вопрос	s	992.0
вор	s	26.5
ворота	s	46.1
восемь	num	87.6
воскликнуть	v	19.9
воскресенье	s	44.4
воспитание	s	52.1
воспитать	v	24.6
воспитывать	v	24.9
воспользоваться	v	51.2
воспоминание	s	99.9
воспринимать	v	52.4
восприниматься	v	32.8
воспринять	v	32.5
восприятие	s	33.7
восстановить	v	51.2
восстановление	s	54.0
восток	s	113.2
восторг	s	58.9
восточный	a	81.7
востребовать	v	20.9
восхищаться	v	20.7
восьмой	anum	23.7
вот	part	1339.8
вот-вот	adv	20.7
впервые	adv	200.0
вперед	adv	96.4
впереди	adv	50.5
впечатление	s	159.4
выставка	s	151.7
выстрел	s	33.8
выстроить	v	26.0
выступать	v	199.3
выступить	v	107.8
выступление	s	145.7
высший	a	187.0
вытащить	v	25.2
выход	s	156.5
выходить	v	195.7
выходной	s	24.0
выявить	v	34.2
выяснить	v	48.8
выясниться	v	81.1
газ	s	108.2
газета	s	347.7
газетный	a	24.4
газовый	a	37.3
галерея	s	33.5
галстук	s	21.7
гараж	s	28.8
гарантировать	v	39.3
гарантия	s	61.7
гармония	s	25.0
гастроли	s	52.1
где	advpro	1141.3
где-нибудь	advpro	22.6
где-то	advpro	105.8
гектар	s	21.0
гендиректор	s	21.9
генерал	s	157.6
генеральный	a	153.5
гениальный	a	37.5
гений	s	45.9
генштаб	s	28.2
германский	a	34.2
героиня	s	37.1
герой	s	265.0
гибель	s	57.1
гигантский	a	38.4
гимн	s	21.7
гитара	s	27.6
глава	s	341.3
главное	adv	114.2
главное	s	99.3
главный	a	683.8
глаз	s	478.0
глобальный	a	40.2
глубина	s	81.3
глубокий	a	128.5
глубоко	adv	56.6
глупость	s	27.8
глупый	a	34.2
глухой	a	28.3
глядеть	v	81.4
гнать	v	19.9
гнев	s	25.1
го	s	31.1
говорить	v	1566.2
говориться	v	102.2
двор	s	116.9
дворец	s	76.6
де	part	49.6
девочка	s	114.3
девушка	s	149.2
девчонка	s	20.2
девятый	anum	21.4
девять	num	55.7
дед	s	71.9
дедушка	s	34.2
действие	s	347.1
действительно	adv	297.3
действительность	s	57.3
действовать	v	189.5
действующий	a	65.2
декабрь	s	165.7
декларация	s	23.9
декоративный	a	21.5
декорация	s	33.7
делать	v	719.8
делаться	v	76.0
делегация	s	50.6
делить	v	26.5
делиться	v	40.5
дело	s	1482.0
деловой	a	66.3
демократ	s	20.8
демократический	a	74.5
демократия	s	68.8
демонстрация	s	31.0
демонстрировать	v	48.5
денежный	a	62.8
день	s	1397.8
деньги	s	633.3
департамент	s	56.1
депутат	s	217.0
депутатский	a	20.4
деревенский	a	27.1
деревня	s	134.4
дерево	s	123.7
деревянный	a	65.4
держава	s	36.7
держать	v	143.3
держаться	v	72.1
дескать	adv	30.0
десятилетие	s	77.1
десятка	s	22.7
десяток	s	142.9
десятый	anum	25.7
десять	num	203.0
деталь	s	94.2
детский	a	181.9
детство	s	117.4
дефицит	s	38.2
дешевый	a	85.6
деятель	s	70.5
деятельность	s	331.4
джаз	s	21.9
диагноз	s	20.5
диалог	s	55.4
дружно	adv	21.3
дума	s	153.3
думать	v	553.8
думаться	v	20.0
думский	a	30.2
дурак	s	36.6
дурной	a	25.2
дух	s	153.9
духовный	a	135.7
душа	s	307.3
душевный	a	43.3
дым	s	31.1
дыра	s	21.6
дыхание	s	37.6
дышать	v	39.9
дядя	s	63.8
еврей	s	117.9
еврейский	a	84.8
евро	s	35.7
европеец	s	21.0
европейский	a	159.6
его	apro	2636.1
еда	s	54.7
едва	adv	101.5
единица	s	47.0
единственный	a	239.7
единство	s	52.0
единый	a	219.2
ее	apro	1089.8
ежегодно	adv	42.4
ежегодный	a	26.2
ежедневно	adv	40.5
ежедневный	a	21.1
ездить	v	113.2
еле	adv	21.0
елка	s	22.0
епископ	s	20.6
если	conj	2021.1
естественно	adv	134.8
естественный	a	107.2
есть	v	60.9
ехать	v	174.0
еще	adv	2241.7
еще	part	54.6
ж	part	86.7
жалеть	v	39.2
жалкий	a	20.5
жалко	adv	29.1
жалоба	s	39.5
жаловаться	v	48.8
жаль	adv	44.8
жанр	s	62.9
жара	s	26.3
жаркий	a	22.2
ждать	v	303.1
же	conj	84.4
же	part	3029.7
желание	s	164.4
желать	v	122.6
желающий	s	26.6
занятый	a	27.2
занять	v	150.5
заняться	v	63.5
заодно	adv	29.8
запад	s	137.6
западный	a	184.2
запас	s	75.9
запах	s	54.0
записать	v	68.5
записка	s	66.6
записывать	v	30.7
запись	s	84.0
запланировать	v	26.6
заплатить	v	51.7
заполнить	v	33.0
запомнить	v	39.5
запомниться	v	34.6
запрет	s	39.8
запретить	v	77.0
запрещать	v	24.9
запрос	s	33.3
запуск	s	22.2
запустить	v	29.4
зарабатывать	v	41.4
заработать	v	55.2
заработный	a	27.2
заработок	s	24.7
заранее	adv	70.4
зарегистрировать	v	38.9
зарплата	s	129.3
зарубежный	a	85.3
заседание	s	151.9
заслуга	s	40.3
заслуживать	v	28.4
заслужить	v	41.7
заставить	v	94.1
заставлять	v	70.0
застать	v	24.2
засыпать	v	20.8
затем	adv	275.1
зато	conj	161.6
затрата	s	62.0
зафиксировать	v	26.7
захват	s	32.6
захватить	v	47.1
заходить	v	45.5
захотеть	v	64.3
захотеться	v	22.1
зачастую	adv	43.9
зачем	advpro	149.6
защита	s	168.0
защитить	v	52.4
защитник	s	33.1
защищать	v	67.1
заявить	v	253.3
заявка	s	29.9
заявление	s	134.1
заявлять	v	47.2
звание	s	69.5
звать	v	88.0
инвалид	s	34.7
инвестиционный	a	61.1
инвестиция	s	80.7
инвестор	s	65.7
индивидуальный	a	59.2
индийский	a	24.1
индустрия	s	20.3
инженер	s	73.9
инженерный	a	26.5
инициатива	s	94.4
инициатор	s	19.8
иногда	adv	254.6
иной	apro	341.1
иностранец	s	52.0
иностранный	a	157.4
инспектор	s	29.2
инспекция	s	24.2
инстанция	s	27.1
институт	s	294.0
инструкция	s	30.5
инструмент	s	87.2
интеграция	s	20.9
интеллектуальный	a	50.0
интеллигент	s	25.1
интеллигентный	a	26.4
интеллигенция	s	60.6
интенсивный	a	20.1
интервью	s	83.0
интерес	s	344.7
интересно	adv	92.2
интересный	a	232.3
интересовать	v	59.1
интересоваться	v	46.1
интернет	s	65.4
интерьер	s	41.3
интонация	s	30.3
интрига	s	28.2
инфляция	s	31.2
информационный	a	89.4
информация	s	289.6
инфраструктура	s	33.1
ипотечный	a	19.9
иракский	a	21.9
иркутский	a	29.2
ирония	s	28.6
иск	s	32.0
искать	v	191.2
исключать	v	31.6
исключение	s	91.6
исключительно	adv	46.7
исключительно	part	35.6
исключительный	a	23.6
исключить	v	59.6
искренне	adv	38.7
искренний	a	33.4
искусственный	a	39.5
искусство	s	318.1
ислам	s	29.9
исламский	a	24.9
книжка	s	71.4
книжный	a	44.0
кнопка	s	22.1
князь	s	51.8
ко	pr	221.5
ковер	s	26.2
когда	advpro	123.3
когда	conj	1938.0
когда-нибудь	advpro	33.4
когда-то	advpro	105.7
кодекс	s	83.9
кое-что	spro	33.8
кожа	s	89.5
кожаный	a	19.8
кой	apro	42.5
колбаса	s	20.6
колебание	s	20.1
колено	s	47.5
колесо	s	71.6
количество	s	264.5
коллега	s	123.3
коллегия	s	27.4
колледж	s	20.7
коллектив	s	111.1
коллективный	a	40.5
коллекция	s	56.0
колодец	s	25.0
колония	s	30.2
колонна	s	39.0
колоссальный	a	25.5
колхоз	s	48.4
кольцо	s	56.2
команда	s	290.3
командир	s	91.8
командировка	s	29.4
командный	a	23.4
командование	s	40.9
командовать	v	30.8
командующий	s	27.9
комбинат	s	47.9
комедия	s	40.6
комиссар	s	22.7
комиссия	s	181.6
комитет	s	189.9
комментарий	s	44.9
комментировать	v	28.1
коммерческий	a	85.0
коммунальный	a	47.9
коммунизм	s	36.6
коммуникация	s	22.0
коммунист	s	92.1
коммунистический	a	61.8
комната	s	210.3
компания	s	699.0
компартия	s	20.6
компенсация	s	36.1
компенсировать	v	19.9
комплекс	s	175.4
комплексный	a	29.3
крыша	s	69.4
крышка	s	21.3
кстати	adv	251.0
кто	spro	1285.4
кто-нибудь	spro	58.9
кто-то	spro	286.9
кубок	s	43.4
куда	advpro	278.2
куда-то	advpro	41.2
кузов	s	26.8
кукла	s	28.3
кулак	s	30.1
кулиса	s	26.4
культ	s	22.2
культура	s	326.5
культурный	a	102.0
купить	v	192.1
курить	v	38.0
курс	s	174.7
куртка	s	21.0
кусок	s	58.2
кусочек	s	33.0
куст	s	29.4
кухня	s	81.2
куча	s	28.8
лаборатория	s	47.3
лагерь	s	110.8
ладно	part	27.5
ладонь	s	29.0
лампа	s	20.6
лауреат	s	38.6
лебедь	s	22.4
лев	s	83.7
левый	a	97.7
легенда	s	49.5
легендарный	a	30.6
легкий	a	182.6
легко	adv	160.0
легкость	s	22.7
лед	s	71.1
ледяной	a	23.0
лежать	v	189.5
лезть	v	28.1
лейтенант	s	28.4
лекарство	s	47.8
лекция	s	46.4
ленинградский	a	61.1
ленинский	a	37.5
лента	s	38.9
лес	s	150.4
лесной	a	72.8
лестница	s	51.1
летать	v	50.1
лететь	v	66.5
летний	a	136.8
лето	s	166.5
летчик	s	50.1
лечение	s	56.5
лечить	v	32.3
лечь	v	38.5
мертвый	a	53.5
местность	s	28.8
местный	a	291.9
место	s	976.1
месторождение	s	42.4
месяц	s	399.2
металл	s	54.0
металлический	a	36.2
металлургический	a	27.7
метод	s	130.9
методика	s	32.1
метр	s	138.8
метро	s	53.2
механизм	s	101.1
механический	a	24.0
мечта	s	71.9
мечтать	v	82.2
мешать	v	94.9
мешок	s	43.8
миг	s	37.9
милицейский	a	24.6
милиционер	s	56.1
милиция	s	102.8
миллиард	s	85.8
миллион	s	253.5
милый	a	72.0
мимо	adv	20.9
мимо	pr	48.7
мина	s	41.4
минимальный	a	49.7
минимум	s	78.0
министерство	s	177.6
министр	s	283.5
миновать	v	21.4
минувший	a	44.1
минус	s	23.8
минута	s	270.4
мир	s	887.8
мирный	a	71.5
мировой	a	274.6
миссия	s	32.4
митинг	s	26.3
митрополит	s	27.3
миф	s	42.9
младший	a	62.3
мнение	s	346.7
многие	spro	119.7
многий	apro	522.3
много	adv	99.5
много	num	603.2
многое	spro	175.4
многолетний	a	28.4
многочисленный	a	90.8
множество	s	111.5
мобильный	a	33.5
могила	s	47.1
могучий	a	25.4
мода	s	68.9
модель	s	138.7
	s	23.2
намек	s	24.9
намерен	a	64.3
намерение	s	54.1
наметить	v	36.3
намного	adv	40.5
нанести	v	48.5
наносить	v	25.5
наоборот	adv	102.4
нападение	s	38.7
напечатать	v	53.8
написать	v	419.1
напиток	s	39.9
наполнить	v	23.8
напоминать	v	118.1
напомнить	v	81.2
направить	v	135.7
направление	s	198.4
направлять	v	27.8
направляться	v	21.4
например	adv	517.5
напротив	adv	53.6
напряжение	s	42.5
напряженный	a	28.7
напрямую	adv	26.9
нарисовать	v	26.3
наркотик	s	43.9
народ	s	539.5
народный	a	206.6
нарушать	v	31.6
нарушение	s	96.9
нарушить	v	35.5
наряду	adv	34.7
население	s	250.4
насилие	s	35.6
насколько	adv	102.6
наследие	s	27.2
наследник	s	25.5
наследство	s	24.0
настаивать	v	48.2
настать	v	24.7
настолько	adv	99.7
настоящий	a	354.5
настроение	s	103.3
настроить	v	30.7
наступать	v	47.1
наступить	v	67.6
наступление	s	36.4
насчет	pr	34.6
натура	s	40.4
натуральный	a	27.2
наука	s	238.3
научить	v	37.3
научиться	v	62.3
научный	a	161.8
находить	v	93.9
находиться	v	417.1
находка	s	22.1
национальность	s	38.7
национальный	a	288.7
нижний	a	73.6
низкий	a	162.1
никак	advpro	120.0
никакой	apro	400.1
никогда	advpro	391.1
никто	spro	509.4
никуда	advpro	40.2
нить	s	20.4
ничто	spro	669.7
ниша	s	19.9
но	conj	5639.5
новейший	a	30.8
новинка	s	23.6
новичок	s	19.8
новогодний	a	28.6
новость	s	84.5
новый	a	1675.6
нога	s	251.0
нож	s	46.8
ножка	s	19.9
номер	s	234.8
норма	s	113.0
нормально	adv	22.4
нормальный	a	126.3
нормативный	a	26.4
нос	s	72.6
носитель	s	24.0
носить	v	119.9
нота	s	30.7
ночной	a	68.6
ночь	s	312.4
ноябрь	s	118.0
нрав	s	21.9
нравиться	v	140.8
нравственный	a	48.1
ну	part	475.6
нужда	s	46.8
нуждаться	v	62.2
нужно	adv	410.8
нужный	a	373.4
нуль	s	20.4
ныне	adv	82.6
нынешний	a	239.2
нынче	adv	28.3
о	intj	43.0
о	pr	3988.9
об	pr	803.2
оба	num	226.7
обвинение	s	62.8
обвинить	v	28.5
обвинять	v	33.0
обед	s	66.0
обернуться	v	28.9
обеспечение	s	121.5
обеспечивать	v	88.7
обеспечить	v	119.4
обещание	s	32.8
обещать	v	120.7
обида	s	34.7
обидеть	v	24.6
оказываться	v	169.1
океан	s	57.3
окно	s	158.9
около	pr	322.2
окончание	s	80.9
окончательно	adv	66.2
окончательный	a	45.4
окончить	v	49.4
окраина	s	24.2
округ	s	113.9
окружать	v	30.0
окружающее	s	22.5
окружающий	a	42.7
окружение	s	49.7
окружить	v	31.7
октябрь	s	158.3
октябрьский	a	30.3
олигарх	s	66.6
олимпиада	s	34.8
олимпийский	a	45.8
он	spro	9126.3
она	spro	3803.5
они	spro	4843.9
оно	spro	371.8
опасаться	v	36.0
опасение	s	24.7
опасность	s	76.1
опасный	a	110.8
опера	s	62.0
оперативный	a	47.5
оператор	s	54.8
операция	s	197.8
оперный	a	27.9
опираться	v	34.7
описание	s	40.4
описать	v	60.0
описывать	v	40.8
оплата	s	75.3
оплатить	v	21.9
оплачивать	v	22.3
опора	s	33.8
оппозиция	s	44.7
оппонент	s	27.7
оправдать	v	31.7
определение	s	77.7
определенный	a	171.3
определить	v	124.5
определиться	v	21.4
определять	v	83.4
определяться	v	39.9
опрос	s	33.7
оптимальный	a	26.3
оптимизм	s	22.5
опубликовать	v	91.1
опустить	v	27.3
опыт	s	261.9
опытный	a	61.1
опять	adv	221.7
орбита	s	21.3
орган	s	274.4
отправлять	v	28.6
отправляться	v	37.2
отпуск	s	51.5
отпускать	v	21.2
отпустить	v	39.5
отработать	v	20.3
отражать	v	36.9
отражение	s	26.5
отрасль	s	125.5
отрицательный	a	34.1
отрицать	v	24.7
отрывок	s	20.0
отряд	s	54.1
отставать	v	20.4
отставка	s	61.2
отстаивать	v	25.6
отсутствие	s	149.2
отсутствовать	v	44.9
отсюда	advpro	65.9
оттенок	s	29.5
оттого	advpro	38.4
оттуда	advpro	59.5
отчасти	adv	35.5
отчаяние	s	29.2
отчаянный	a	20.4
отчего	advpro	26.9
отчет	s	55.0
отчетность	s	21.1
отъезд	s	39.3
офис	s	44.8
офицер	s	126.2
официально	adv	50.7
официальный	a	157.7
оформить	v	35.7
оформление	s	41.9
охватить	v	24.3
охота	s	40.5
охотник	s	24.8
охотно	adv	32.3
охрана	s	91.9
охранник	s	22.6
охранять	v	24.5
оценивать	v	47.5
оцениваться	v	20.5
оценить	v	77.2
оценка	s	172.2
очевидно	adv	104.2
очевидный	a	66.2
очень	adv	1496.9
очередной	a	181.7
очередь	s	250.6
очерк	s	28.9
очистить	v	20.8
очки	s	39.3
очко	s	30.6
ошибаться	v	23.2
ошибиться	v	26.7
ошибка	s	120.1
ощутить	v	24.1
ощущать	v	51.0
планета	s	52.7
планировать	v	62.1
планироваться	v	54.5
пластинка	s	28.3
плата	s	69.5
платеж	s	38.2
платить	v	141.8
платформа	s	27.1
платье	s	50.0
племя	s	23.4
плен	s	24.4
пленка	s	32.1
пленум	s	28.2
плечо	s	98.4
плита	s	31.0
плод	s	48.7
плотный	a	29.0
плохо	adv	117.7
плохой	a	225.4
площадка	s	81.3
площадь	s	172.0
плыть	v	25.5
плюс	conj	45.6
плюс	s	27.7
пляж	s	26.2
по	pr	6541.6
побег	s	20.4
победа	s	191.2
победитель	s	57.6
победить	v	71.4
побежать	v	22.7
побеждать	v	23.9
побережье	s	19.8
побывать	v	62.1
поведать	v	19.9
поведение	s	96.0
повезти	v	61.3
поверить	v	82.4
повернуть	v	21.5
поверхность	s	62.5
повесить	v	21.0
повести	v	34.4
повестка	s	23.4
повесть	s	57.5
по-видимому	adv	28.7
повлиять	v	28.2
повод	s	205.3
поворот	s	57.9
повседневный	a	23.2
повторить	v	49.4
повторять	v	73.1
повторяться	v	22.1
повысить	v	40.2
повышать	v	29.2
повышение	s	114.2
повышенный	a	40.5
погибнуть	v	117.1
поговорить	v	61.8
погода	s	54.7
под	pr	1063.6
политбюро	s	38.3
политик	s	87.9
политика	s	328.0
политический	a	474.1
полицейский	s	24.8
полиция	s	52.8
полк	s	51.3
полка	s	34.9
полковник	s	60.6
полномочие	s	64.1
полностью	adv	161.5
полноценный	a	25.8
полный	a	415.1
половина	s	180.6
половой	a	20.0
положение	s	295.8
положенный	a	35.4
положительный	a	63.1
положить	v	104.6
полоса	s	52.8
полотно	s	23.5
полтора	num	85.6
получать	v	247.3
получаться	v	132.7
получение	s	79.8
получить	v	695.5
получиться	v	166.6
полчаса	s	27.1
польза	s	100.1
пользование	s	27.6
пользователь	s	23.3
пользоваться	v	147.9
польский	a	55.5
полюбить	v	29.0
поляк	s	20.6
поменять	v	23.6
поместить	v	29.2
помешать	v	35.3
помещение	s	103.6
помимо	pr	90.8
помнить	v	354.1
помогать	v	160.9
помочь	v	233.2
помощник	s	67.3
помощь	s	354.7
понадобиться	v	38.8
по-настоящему	adv	37.8
поначалу	adv	48.1
понедельник	s	44.4
понести	v	21.6
понимание	s	91.1
понимать	v	450.3
понравиться	v	98.4
понятие	s	114.2
понятно	adv	89.0
понятный	a	86.0
понять	v	421.0
пообещать	v	33.9
попадать	v	65.4
попасть	v	221.4
пояснить	v	32.8
правда	adv	296.2
правда	s	170.3
правило	s	295.4
правильно	adv	76.7
правильный	a	96.8
правительственный	a	59.3
правительство	s	531.2
править	v	24.1
правление	s	57.4
право	s	481.3
правовой	a	63.1
правоохранительный	a	42.7
православие	s	23.4
православный	a	102.0
правый	a	173.7
праздник	s	148.5
праздничный	a	33.9
практика	s	131.1
практически	adv	228.0
практический	a	54.0
пребывание	s	43.5
пребывать	v	22.8
превратить	v	43.4
превратиться	v	74.9
превращать	v	21.3
превращаться	v	51.6
превращение	s	21.8
превысить	v	23.2
превышать	v	55.2
предать	v	22.2
предварительный	a	41.5
предвыборный	a	51.2
предел	s	119.5
предельно	adv	24.6
предлагать	v	193.4
предлагаться	v	38.4
предложение	s	198.6
предложить	v	250.8
предмет	s	136.6
предназначить	v	48.0
предок	s	31.6
предоставить	v	73.5
предоставление	s	33.1
предоставлять	v	40.9
предполагать	v	79.3
предполагаться	v	52.1
предположение	s	22.3
предположить	v	43.3
предпочесть	v	25.8
предпочитать	v	62.6
предпочтение	s	23.6
предприниматель	s	79.3
предпринимательство	s	20.7
предпринять	v	31.8
предприятие	s	415.4
председатель	s	236.4
принадлежность	s	28.3
принести	v	124.2
принимать	v	250.9
приниматься	v	37.2
приносить	v	73.1
принц	s	21.3
принцип	s	228.6
принципиально	adv	33.9
принципиальный	a	42.1
принятие	s	82.6
принятый	a	26.6
принять	v	510.7
приняться	v	33.5
приобрести	v	97.0
приобретать	v	46.1
приобретение	s	45.6
приоритет	s	33.3
природа	s	158.0
природный	a	69.3
присвоить	v	20.4
прислать	v	52.7
присоединиться	v	21.6
приступить	v	41.7
присутствие	s	64.5
присутствовать	v	93.5
присущий	a	27.9
приход	s	56.7
приходить	v	219.5
приходиться	v	223.8
причем	conj	236.2
причина	s	301.1
приятель	s	46.7
приятно	adv	45.6
приятный	a	74.7
про	pr	282.4
проба	s	22.1
проблема	s	665.3
пробовать	v	26.8
провал	s	30.9
проведение	s	140.4
проверить	v	58.9
проверка	s	78.6
проверять	v	40.6
провести	v	284.5
провинциальный	a	24.2
провинция	s	36.9
провод	s	21.7
проводить	v	194.1
проводиться	v	80.5
провожать	v	24.3
прогноз	s	57.2
проголосовать	v	23.2
программа	s	449.9
программный	a	25.0
прогресс	s	38.8
прогрессивный	a	21.6
прогулка	s	31.4
продавать	v	74.2
продаваться	v	41.9
продавец	s	39.8
публичный	a	46.4
пугать	v	28.5
пуля	s	31.0
пункт	s	140.6
пускать	v	29.9
пустить	v	42.0
пустой	a	81.3
пустота	s	21.9
пустыня	s	29.4
пусть	conj	31.6
пусть	part	160.5
путем	pr	43.7
путешествие	s	56.3
путь	s	405.5
пушка	s	19.9
пушкинский	a	39.5
пыль	s	28.7
пытаться	v	272.4
пьеса	s	159.3
пьяный	a	36.3
пятнадцать	num	48.5
пятница	s	43.2
пятно	s	28.8
пятый	anum	70.5
пять	num	286.8
пятьдесят	num	56.9
раб	s	21.3
работа	s	1272.4
работать	v	854.3
работник	s	164.1
работодатель	s	23.4
рабочий	a	170.5
рабочий	s	87.1
равнодушный	a	20.2
равный	a	247.8
рад	a	48.3
ради	pr	105.9
радикальный	a	29.6
радио	s	64.6
радовать	v	28.1
радоваться	v	49.4
радостно	adv	24.7
радостный	a	28.5
радость	s	120.7
раз	conj	47.7
раз	s	1117.6
разбираться	v	34.4
разбить	v	34.0
развал	s	20.5
разве	part	125.5
разведка	s	58.1
разведчик	s	21.0
развернуть	v	28.7
развернуться	v	23.5
развивать	v	40.7
развиваться	v	79.0
развитие	s	429.0
развитой	a	45.0
развлечение	s	23.1
разговаривать	v	76.2
реклама	s	118.3
рекламный	a	71.7
рекомендация	s	38.6
рекомендовать	v	50.0
реконструкция	s	46.2
рекорд	s	31.6
религиозный	a	83.7
религия	s	54.6
ремонт	s	80.4
репертуар	s	34.4
репетировать	v	28.4
репетиция	s	68.7
реплика	s	29.2
репрессия	s	27.2
репутация	s	33.7
республика	s	207.8
республиканский	a	21.0
ресторан	s	96.0
ресурс	s	129.9
референдум	s	36.2
реформа	s	273.0
реформирование	s	36.1
рецензия	s	26.6
рецепт	s	28.7
речь	s	295.2
решать	v	122.2
решаться	v	48.3
решающий	a	32.2
решение	s	541.8
решетка	s	23.7
решительно	adv	36.4
решительный	a	26.0
решить	v	480.3
решиться	v	47.0
римский	a	22.3
риск	s	71.4
рисковать	v	35.5
рисовать	v	38.7
рисунок	s	84.9
ритм	s	41.1
ровно	adv	38.2
ровный	a	26.3
род	s	183.1
родина	s	128.7
родитель	s	169.2
родить	v	41.0
родиться	v	158.4
родной	a	136.8
родные	s	28.2
родственник	s	77.1
рождаться	v	29.9
рождение	s	116.2
рождество	s	20.5
роза	s	42.6
розовый	a	28.2
роковой	a	23.7
ролик	s	20.8
роль	s	461.4
роман	s	218.6
романс	s	19.8
сельскохозяйственный	a	35.8
семейный	a	85.0
семейство	s	28.7
семинар	s	38.2
семь	num	113.9
семьдесят	num	23.4
семья	s	372.1
семя	s	22.4
сенатор	s	23.6
сентябрь	s	157.8
сервис	s	21.3
сердечный	a	24.1
сердце	s	202.5
серебряный	a	35.2
середина	s	105.9
сержант	s	22.5
сериал	s	25.3
серия	s	91.4
серый	a	54.9
серьезно	adv	62.3
серьезный	a	250.5
сессия	s	30.2
сестра	s	112.9
сесть	v	97.0
сетка	s	23.0
сеть	s	125.4
сзади	adv	24.6
сибирский	a	34.8
сигарета	s	29.0
сигнал	s	45.9
сиденье	s	23.8
сидеть	v	357.1
сила	s	709.8
силовой	a	47.0
сильнейший	a	22.1
сильно	adv	131.1
сильный	a	235.3
символ	s	57.1
симпатичный	a	29.8
симпатия	s	27.6
синий	a	51.8
система	s	683.1
ситуация	s	419.9
скажем	adv	95.7
сказать	v	1484.2
сказаться	v	28.1
сказка	s	60.8
сказываться	v	20.0
скала	s	25.5
скандал	s	62.6
сквозь	pr	63.5
скидка	s	20.1
склад	s	51.3
складываться	v	55.6
склон	s	20.1
склонный	a	27.9
сколько	advpro	52.3
сколько	num	253.0
скончаться	v	25.1
согласиться	v	135.3
согласно	pr	108.1
согласный	a	57.1
согласование	s	21.3
согласовать	v	20.1
соглашаться	v	31.0
соглашение	s	91.8
содействие	s	22.2
содержание	s	125.9
содержать	v	68.0
содержаться	v	37.6
соединение	s	35.6
соединить	v	59.6
сожаление	s	134.2
создавать	v	154.8
создаваться	v	59.3
создание	s	280.8
создатель	s	35.4
создать	v	376.1
сознание	s	126.2
сознательно	adv	23.4
сойти	v	38.9
сок	s	40.8
сократить	v	41.3
сократиться	v	25.6
сокращение	s	63.6
солдат	s	133.5
солидный	a	35.1
солнечный	a	48.0
солнце	s	105.8
соль	s	39.0
сомневаться	v	54.4
сомнение	s	99.7
сомнительный	a	24.6
сон	s	100.1
соображение	s	43.6
сообщать	v	65.8
сообщение	s	89.3
сообщество	s	48.8
сообщить	v	188.2
сооружение	s	38.4
соответственно	adv	67.7
соответствие	s	117.6
соответствовать	v	95.6
соответствующий	a	116.3
соотечественник	s	30.8
соотношение	s	28.9
соперник	s	49.2
сопровождать	v	42.4
сопровождаться	v	21.0
сопровождение	s	22.6
сопротивление	s	45.5
соратник	s	21.6
сорвать	v	21.7
соревнование	s	64.7
сорок	num	79.7
сорт	s	38.6
сосед	s	87.2
соседний	a	61.6
сосредоточить	v	20.8
статистика	s	36.3
статус	s	78.7
стать	s	38.0
стать	v	1868.0
статья	s	313.8
ствол	s	29.4
стекло	s	77.1
стеклянный	a	24.1
стена	s	194.4
стенд	s	24.0
стенка	s	31.3
степень	s	161.8
стесняться	v	25.3
стиль	s	139.5
стимулировать	v	20.0
стихи	s	239.7
стихия	s	24.5
стихотворение	s	74.7
сто	num	106.6
стоимость	s	140.6
стоить	v	527.0
стол	s	267.3
столетие	s	50.7
столик	s	35.5
столица	s	180.8
столичный	a	70.8
столкновение	s	30.8
столкнуться	v	38.9
столовая	s	36.7
столовый	a	19.8
столь	advpro	185.5
столько	advpro	67.8
столько	num	102.4
сторона	s	695.2
сторонник	s	55.9
стоянка	s	19.9
стоять	v	253.9
страдание	s	34.7
страдать	v	65.8
страна	s	1203.9
страница	s	117.0
странно	adv	57.9
странный	a	131.7
страсть	s	77.0
стратегический	a	66.9
стратегия	s	57.8
страх	s	110.6
страхование	s	48.8
страховой	a	54.8
страшно	adv	67.3
страшный	a	153.7
стрельба	s	35.6
стрелять	v	41.6
стремительно	adv	26.0
стремиться	v	112.7
стремление	s	63.2
строгий	a	65.1
строго	adv	52.8
строитель	s	48.7
строительный	a	75.0
тенденция	s	69.8
теннис	s	24.1
тень	s	70.9
теоретический	a	27.4
теория	s	74.0
теперь	advpro	733.3
тепло	s	48.4
теплый	a	78.9
теракт	s	33.3
термин	s	45.5
терпение	s	22.0
терпеть	v	46.3
территориальный	a	28.2
территория	s	242.9
террор	s	27.2
терроризм	s	50.0
террорист	s	62.2
террористический	a	23.9
терять	v	76.8
тесно	adv	25.9
тесный	a	36.2
тест	s	26.4
тетя	s	39.7
техника	s	188.7
технический	a	147.9
технологический	a	46.8
технология	s	159.8
течение	s	207.1
течь	v	23.0
тип	s	163.6
типичный	a	37.8
тираж	s	35.9
титул	s	23.2
тихий	a	75.0
тихо	adv	56.1
тишина	s	45.6
ткань	s	46.9
то	conj	999.2
то	part	60.0
то	spro	4472.2
товар	s	133.6
товарищ	s	186.3
товарный	a	21.3
тогда	advpro	883.7
тогдашний	a	54.7
тоже	adv	684.1
толк	s	29.6
толпа	s	82.5
толстый	a	48.3
только	conj	83.8
только	part	2480.4
том	s	95.9
тон	s	61.5
тонкий	a	78.9
тонна	s	75.6
топливо	s	46.6
торг	s	21.7
торговать	v	32.0
торговля	s	90.6
уделять	v	21.7
удержать	v	21.2
удержаться	v	19.9
удивительно	adv	39.4
удивительный	a	84.5
удивить	v	36.2
удивиться	v	32.6
удивление	s	45.2
удивляться	v	41.1
удобно	adv	26.5
удобный	a	60.1
удовлетворение	s	27.7
удовлетворить	v	28.8
удовольствие	s	115.0
уезжать	v	50.0
уехать	v	108.7
уж	adv	80.7
уж	part	258.4
ужас	s	66.8
ужасно	adv	21.3
ужасный	a	42.7
уже	adv	2249.1
ужин	s	33.8
узел	s	35.3
узкий	a	62.6
узнавать	v	72.6
узнать	v	228.0
уйти	v	269.1
указ	s	63.6
указание	s	53.0
указанный	a	28.4
указать	v	62.7
указывать	v	41.3
украинский	a	56.4
украсить	v	26.8
украсть	v	28.7
украшать	v	21.8
украшение	s	25.6
укрепить	v	22.9
укрепление	s	46.2
улица	s	339.7
уличный	a	21.7
улучшение	s	40.9
улучшить	v	23.8
улыбаться	v	62.8
улыбка	s	60.9
улыбнуться	v	32.6
ум	s	126.1
умение	s	50.0
уменьшить	v	20.0
умереть	v	170.3
уметь	v	156.9
умирать	v	54.1
умный	a	93.7
универсальный	a	27.7
университет	s	126.1
уникальный	a	79.2
уничтожать	v	19.8
уничтожение	s	38.6
уничтожить	v	55.6
формула	s	78.1
формулировка	s	20.3
форум	s	44.1
фото	s	44.1
фотография	s	107.0
фрагмент	s	25.3
фраза	s	111.0
фракция	s	48.2
француз	s	45.2
французский	a	145.7
фронт	s	107.0
фрукт	s	26.3
фундамент	s	21.9
функция	s	109.0
футбол	s	47.2
футбольный	a	29.8
характер	s	217.6
характеристика	s	52.5
характерный	a	68.3
хватать	v	130.2
хватить	v	80.1
хвост	s	30.8
химический	a	36.9
хирург	s	26.6
хлеб	s	92.1
ход	s	262.0
ходить	v	255.0
хозяин	s	159.9
хозяйка	s	41.7
хозяйственный	a	39.4
хозяйство	s	167.1
хоккей	s	21.1
холдинг	s	29.9
холм	s	24.6
холод	s	35.9
холодильник	s	21.7
холодно	adv	20.6
холодный	a	98.4
хор	s	44.0
хороший	a	498.3
хорошо	adv	460.6
хорошо	part	33.4
хотеть	v	809.2
хотеться	v	260.5
хоть	conj	63.2
хоть	part	143.1
хотя	conj	612.3
хотя	part	99.0
храм	s	114.8
хранение	s	30.8
хранить	v	45.9
храниться	v	32.3
христианин	s	22.4
христианский	a	37.1
христианство	s	23.8
художественный	a	147.8
художник	s	206.6
худой	a	22.2
худший	a	24.3
царить	v	24.3
шляпа	s	25.4
шок	s	22.5
шоссе	s	35.2
шоу	s	31.4
шофер	s	26.2
штаб	s	79.0
штаны	s	21.1
штат	s	105.2
штраф	s	31.7
штука	s	45.8
штурм	s	20.0
шум	s	50.9
шумный	a	21.9
шутить	v	31.6
шутка	s	62.4
щека	s	20.6
щит	s	21.7
экзамен	s	60.1
экземпляр	s	36.9
экзотический	a	20.6
экипаж	s	47.7
экологический	a	44.1
экономика	s	245.5
экономист	s	27.7
экономический	a	307.3
экран	s	86.1
экскурсия	s	19.9
экспедиция	s	51.6
эксперимент	s	62.5
эксперт	s	101.0
экспертиза	s	31.2
эксплуатация	s	59.4
экспозиция	s	28.0
экспорт	s	53.1
экспортный	a	21.0
электрический	a	28.2
электричество	s	20.7
электронный	a	58.3
электроэнергия	s	36.3
элемент	s	104.9
элементарный	a	22.4
элита	s	63.9
элитный	a	21.4
эмигрант	s	21.3
эмиграция	s	28.9
эмоциональный	a	32.1
эмоция	s	36.1
энергетика	s	34.5
энергетический	a	39.9
энергичный	a	24.8
энергия	s	93.4
энтузиазм	s	25.0
эпизод	s	74.9
эпоха	s	121.6
эра	s	24.3
эстетический	a	24.8
эстрада	s	26.3
этаж	s	93.1
этап	s	136.1
этнический	a	27.8
