а	conj	6634.9
а-а	intj	28.2
абзац	s	21.2
абонент	s	19.3
абсолютно	adv	69.9
абсолютный	a	65.2
абстрактный	a	38.8
аварийный	a	26.8
авария	s	38.6
август	s	78.5
авиационный	a	34.9
авиация	s	53.1
автобус	s	25.4
автомат	s	34.4
автоматизация	s	28.0
автоматизированный	a	43.3
автоматически	adv	27.3
автоматический	a	52.8
автомобиль	s	71.1
автомобильный	a	41.9
автономный	a	57.6
автор	s	431.8
авторитет	s	34.6
авторский	a	38.7
ага	intj	66.3
агент	s	53.5
агентство	s	51.5
агрегат	s	53.1
агрессивный	a	20.2
адаптация	s	47.4
адвокат	s	71.0
адвокатский	a	23.5
адекватный	a	54.8
административный	a	272.6
администрация	s	89.3
адмиралтейский	a	19.5
адрес	s	99.0
азот	s	30.3
академик	s	51.9
академический	a	24.0
академия	s	95.5
аккредитив	s	21.4
аксиома	s	30.8
акт	s	379.8
актер	s	23.4
актив	s	54.6
активация	s	21.2
активизация	s	21.0
активно	adv	76.3
активность	s	216.9
активный	a	182.1
актуальность	s	23.9
актуальный	a	91.2
акцент	s	34.2
акционер	s	70.8
акционерный	a	45.9
акция	s	98.9
алгоритм	s	137.9
алименты	s	21.2
алкоголь	s	21.4
альтернатива	s	28.0
альтернативный	a	48.9
алюминиевый	a	19.5
алюминий	s	22.2
американец	s	28.6
американский	a	146.7
аминокислота	s	23.3
аминокислотный	a	24.0
амплитуда	s	20.0
анализ	s	670.4
анализировать	v	61.6
аналитический	a	56.4
аналог	s	38.8
аналогично	adv	19.4
аналогичный	a	129.0
аналогия	s	42.6
ангел	s	20.5
английский	a	112.3
анекдот	s	30.6
аномалия	s	27.4
антиген	s	55.3
антигенный	a	43.3
антитело	s	137.0
античность	s	18.7
античный	a	37.4
антропогенный	a	20.3
апелляционный	a	44.4
апикальный	a	23.1
аппарат	s	102.4
аппаратура	s	30.8
апрель	s	103.6
аптека	s	18.9
арбитраж	s	24.6
арбитражный	a	272.1
аргумент	s	39.5
аренда	s	50.7
арендатор	s	21.6
арест	s	50.1
армия	s	79.9
аромат	s	21.0
артерия	s	32.7
архив	s	48.6
архитектор	s	40.0
архитектура	s	77.0
архитектурный	a	33.4
аспект	s	116.3
ассортимент	s	32.1
ассоциация	s	65.6
астрономия	s	20.6
атака	s	49.4
атмосфера	s	84.7
атмосферный	a	20.8
атом	s	90.1
атомный	a	62.6
атрибут	s	24.1
аттитюд	s	19.7
аудитория	s	26.0
ах	intj	23.5
б	part	49.7
бабушка	s	53.2
база	s	322.0
базальный	a	30.1
базироваться	v	36.9
базовый	a	67.0
бактерия	s	23.7
баланс	s	76.4
балл	s	22.5
банк	s	255.3
банка	s	28.2
банковский	a	78.0
банкротство	s	59.8
баня	s	20.0
барабан	s	19.9
барьер	s	28.7
бассейн	s	63.9
батарея	s	18.9
башня	s	23.9
бегать	v	21.6
беда	s	24.2
бедный	a	41.8
бедро	s	25.5
бежать	v	34.3
без	pr	793.2
бездействие	s	20.7
безопасность	s	273.4
безопасный	a	43.4
безработица	s	21.4
безусловно	adv	48.7
белка	s	27.4
белковый	a	23.2
белок	s	192.9
белый	a	158.0
белье	s	24.3
берег	s	89.9
береза	s	24.2
беременность	s	45.0
беременный	a	22.2
беседа	s	55.2
бесконечно	adv	23.9
бесконечный	a	36.1
бесплатно	adv	23.0
бесплатный	a	25.5
бешенство	s	19.5
библиотека	s	57.7
бизнес	s	95.4
билет	s	35.0
биография	s	19.8
биологический	a	100.4
биология	s	50.5
биржа	s	22.8
бить	v	33.3
благо	s	46.3
благодарность	s	21.4
благодаря	pr	131.0
благоприятный	a	50.4
благородный	a	19.8
блеск	s	21.0
блестящий	a	19.5
верно	adv	29.5
вернуть	v	23.0
вернуться	v	89.4
верный	a	58.2
вероятно	adv	78.1
вероятность	s	82.3
вероятный	a	28.8
версия	s	40.8
вертикальный	a	46.1
вертолет	s	21.0
верхний	a	166.5
верховный	a	79.8
вершина	s	169.0
вес	s	110.1
веселый	a	26.3
весна	s	57.6
вести	v	224.0
вестись	v	66.9
вестник	s	22.0
весы	s	24.6
весь	apro	2968.1
весьма	adv	184.7
ветвь	s	73.5
ветер	s	38.1
вечер	s	98.0
вечный	a	41.6
вещество	s	246.8
вещь	s	248.0
взаимный	a	70.0
взаимодействие	s	270.6
взаимодействовать	v	39.7
взаимоотношения	s	53.3
взаимосвязанный	a	21.6
взаимосвязь	s	54.7
взгляд	s	224.7
взнос	s	31.7
взрослый	a	48.6
взрослый	s	62.9
взрыв	s	48.7
взыскание	s	61.0
взыскатель	s	25.2
взять	v	237.9
взяться	v	19.3
вид	s	1147.9
видение	s	32.6
видеть	v	408.7
видеться	v	19.7
видимо	adv	80.1
видимый	a	24.2
видно	adv	112.1
видный	a	52.4
визит	s	43.1
визуальный	a	25.3
вина	s	37.3
вино	s	30.8
виноватый	a	25.5
виртуальный	a	24.2
вирус	s	584.1
вирусный	a	115.1
вот	part	1579.7
впервые	adv	122.0
вперед	adv	72.9
впереди	adv	23.5
впечатление	s	75.2
вплоть	adv	47.7
вполне	adv	196.8
впоследствии	adv	46.1
вправе	adv	146.6
впрочем	adv	79.5
враг	s	37.6
врач	s	143.4
вращение	s	36.5
вред	s	75.2
вредитель	s	18.6
вредный	a	51.8
временной	a	121.6
время	s	2080.5
вроде	part	79.6
вроде	pr	31.8
вряд	adv	56.8
все	advpro	239.9
все	spro	1771.7
всегда	advpro	407.8
всего	part	126.7
вселенная	s	77.6
всемирный	a	35.2
всеобщий	a	42.4
всероссийский	a	29.5
все-таки	part	134.0
вскоре	adv	39.2
вслед	adv	22.7
вследствие	pr	81.2
вспоминать	v	43.5
вспомнить	v	83.5
вспомогательный	a	26.9
вспышка	s	41.2
вставать	v	37.1
встать	v	43.3
встретить	v	48.9
встретиться	v	38.4
встреча	s	135.3
встречать	v	34.6
встречаться	v	137.9
встречный	a	26.4
вступать	v	61.8
вступить	v	62.0
вступление	s	62.3
всякий	apro	217.5
вторичный	a	44.6
второй	anum	579.5
в-третьих	adv	24.5
вуз	s	48.1
вход	s	49.3
входить	v	210.5
входной	a	28.8
вчера	adv	86.9
вы	spro	1989.7
выбирать	v	65.1
выбор	s	245.4
глава	s	240.8
главное	adv	64.0
главное	s	58.0
главный	a	435.6
глагол	s	46.3
гладкий	a	21.0
глаз	s	214.9
глобализация	s	19.7
глобальный	a	84.8
глубина	s	117.1
глубинный	a	30.3
глубокий	a	147.6
глубоко	adv	38.9
глупый	a	22.2
глядеть	v	24.9
говорить	v	1122.4
говориться	v	64.7
год	s	4624.2
годовой	a	45.7
голова	s	202.8
головка	s	33.7
головной	a	50.5
голод	s	19.7
голос	s	86.9
голосование	s	43.0
голосовать	v	18.6
голубой	a	30.2
гора	s	47.4
гораздо	adv	93.5
горение	s	18.7
горизонт	s	38.5
горизонтальный	a	38.1
гормон	s	35.2
горный	a	100.4
город	s	378.8
городской	a	106.6
горячий	a	59.7
господи	intj	19.4
господин	s	36.6
гостиница	s	19.2
гость	s	76.5
государственный	a	955.6
государство	s	436.7
готовить	v	54.1
готовиться	v	30.2
готовность	s	58.2
готовый	a	171.2
гравитационный	a	23.4
градус	s	32.4
гражданин	s	355.8
гражданский	a	360.4
гражданство	s	28.4
грамм	s	22.8
грамматический	a	20.3
грамота	s	24.0
граница	s	230.9
грань	s	40.9
граф	s	38.0
график	s	42.6
графический	a	41.4
дизайн	s	28.0
дизайнер	s	20.3
дикий	a	47.4
динамика	s	146.6
динамический	a	61.6
диплом	s	24.1
дипломатический	a	22.6
директор	s	135.3
диск	s	30.7
дискретный	a	21.0
дискуссия	s	48.8
диссертация	s	32.9
дистальный	a	33.2
дистанционный	a	19.7
дистанция	s	27.6
дисциплина	s	54.8
дитя	s	42.5
дифференциальный	a	25.6
дифференциация	s	42.5
длина	s	247.0
длинный	a	111.3
длительность	s	31.7
длительный	a	91.0
длиться	v	20.7
для	pr	5044.8
дневник	s	25.4
дневной	a	25.7
дно	s	48.8
до	pr	2111.4
добавить	v	87.0
добавка	s	33.5
добавление	s	29.0
добавлять	v	38.8
добиваться	v	22.4
добиться	v	51.0
добро	s	30.8
добровольный	a	24.2
добрый	a	82.3
добыча	s	77.8
доверенность	s	21.0
доверие	s	39.2
доверительный	a	27.8
доверять	v	20.3
довести	v	27.6
довод	s	22.6
довольно	adv	148.7
довольный	a	29.2
договариваться	v	30.8
договор	s	548.7
договоренность	s	26.0
договориться	v	30.1
дождь	s	23.0
доза	s	71.5
дойти	v	47.2
доказательство	s	188.5
доказать	v	90.1
доказывание	s	25.5
доказывать	v	30.3
доклад	s	96.8
желтый	a	44.0
желудок	s	21.1
жена	s	160.0
жениться	v	19.9
женский	a	70.7
женщина	s	361.7
жертва	s	44.1
жест	s	19.0
жесткий	a	68.8
живой	a	217.5
живопись	s	28.0
живот	s	35.2
животное	s	229.8
животный	a	66.0
живучесть	s	19.2
жидкий	a	50.2
жидкость	s	94.0
жизнедеятельность	s	33.3
жизненный	a	85.5
жизнь	s	949.2
жилищный	a	27.9
жилка	s	18.6
жилой	a	59.9
жилье	s	37.6
жир	s	40.7
жирный	a	27.1
житель	s	63.3
жительство	s	49.9
жить	v	355.7
журнал	s	150.0
журналист	s	19.2
за	pr	2702.6
заболеваемость	s	24.0
заболевание	s	151.7
заболеть	v	23.5
забота	s	35.6
заботиться	v	20.9
забрать	v	18.9
забывать	v	43.1
забыть	v	91.6
заведение	s	45.0
заведомо	adv	24.1
завершение	s	45.2
завершить	v	37.4
завещание	s	22.2
зависеть	v	226.8
зависимость	s	287.2
завод	s	117.7
завтра	adv	76.6
заготовка	s	40.4
загрузка	s	22.0
загрязнение	s	54.8
задавать	v	52.3
задаваться	v	23.7
задание	s	96.3
заданный	a	55.1
задать	v	54.3
задача	s	722.4
задержка	s	31.2
звонить	v	64.8
звонок	s	20.2
звук	s	58.2
звучать	v	37.1
здание	s	127.0
здесь	advpro	594.4
здорово	adv	22.0
здоровый	a	82.4
здоровье	s	153.1
здравоохранение	s	42.3
здравствовать	v	31.2
зеленый	a	78.5
зелень	s	21.6
земельный	a	114.0
земля	s	354.7
земной	a	76.1
зенитный	a	28.6
зеркало	s	32.5
зерно	s	35.2
зима	s	59.2
зимний	a	32.8
зло	s	31.8
злой	a	23.7
знак	s	139.7
знакомство	s	28.6
знакомый	a	54.2
знакомый	s	40.3
знаменитый	a	64.3
знамя	s	19.0
знание	s	406.9
знать	v	985.3
значение	s	701.5
значимость	s	54.6
значимый	a	62.7
значит	adv	160.3
значительно	adv	157.2
значительный	a	263.8
значить	v	149.2
золото	s	58.1
золотой	a	67.6
зона	s	281.5
зрение	s	242.5
зритель	s	33.5
зрительный	a	28.2
зря	adv	20.5
зуб	s	58.7
и	conj	34053.7
ибо	conj	94.1
игра	s	182.2
играть	v	210.8
игровой	a	19.3
игрок	s	27.6
игрушка	s	23.9
идеал	s	51.6
идеальный	a	71.6
идентификация	s	48.4
идентифицировать	v	20.4
идентичность	s	32.7
идентичный	a	18.8
интимный	a	26.9
интуиция	s	28.9
инфекционный	a	39.0
инфекция	s	118.7
инфицирование	s	23.9
инфицированный	a	22.4
инфицировать	v	28.0
информационный	a	347.1
информация	s	701.9
инфраструктура	s	61.8
ион	s	46.5
иркутский	a	32.6
иск	s	145.7
искажение	s	19.2
искать	v	115.9
исключать	v	46.9
исключение	s	162.4
исключительно	adv	42.7
исключительно	part	25.8
исключительный	a	48.4
исключить	v	54.8
исковой	a	46.7
ископаемое	s	36.0
искусственный	a	62.5
искусство	s	219.1
исполнение	s	275.5
исполнитель	s	60.2
исполнительный	a	235.3
исполнить	v	26.9
исполнять	v	34.1
использование	s	757.9
использовать	v	668.7
использоваться	v	266.2
исправление	s	21.7
испытание	s	117.5
испытать	v	26.4
испытуемый	s	45.6
испытывать	v	64.6
исследование	s	799.6
исследователь	s	115.5
исследовательский	a	33.3
исследовать	v	163.1
истец	s	65.0
истечение	s	37.8
истина	s	74.4
истинный	a	59.2
исток	s	24.2
историк	s	74.0
исторически	adv	20.6
исторический	a	227.7
история	s	507.4
источник	s	294.6
истребитель	s	19.2
исход	s	29.0
исходить	v	146.2
исходный	a	165.8
исчезать	v	28.5
исчезнуть	v	29.3
исчисление	s	24.7
командование	s	22.8
комбайн	s	25.4
комбинат	s	23.3
комбинация	s	37.4
комбинированный	a	23.5
комиссия	s	167.0
комитет	s	117.3
комментарий	s	43.3
коммерческий	a	121.9
коммуникация	s	36.2
коммунистический	a	25.4
комната	s	86.6
комнатный	a	22.4
компания	s	344.5
компенсация	s	27.8
компетентный	a	22.1
компетенция	s	57.4
комплекс	s	325.8
комплексный	a	106.9
комплект	s	28.0
композиция	s	64.8
компонент	s	189.2
компонента	s	31.4
компьютер	s	85.7
компьютерный	a	74.8
конвенция	s	54.5
конгресс	s	19.9
конденсат	s	21.6
конец	s	445.6
конечно	adv	396.0
конечно	part	56.1
конечный	a	140.6
конкретно	adv	25.2
конкретный	a	280.0
конкурент	s	21.2
конкурентный	a	28.5
конкурентоспособность	s	34.9
конкуренция	s	46.3
конкурс	s	88.8
конкурсный	a	36.9
константа	s	20.2
констатировать	v	22.4
конституционный	a	99.1
конституция	s	84.5
конструирование	s	24.9
конструктивный	a	41.4
конструктор	s	26.2
конструкторский	a	19.5
конструкция	s	142.6
консультация	s	44.4
контакт	s	101.7
контактный	a	21.8
контейнер	s	26.5
контекст	s	77.0
континент	s	20.3
контракт	s	59.1
контролировать	v	59.9
контроль	s	333.3
ландшафтный	a	36.6
лапа	s	32.0
латеральный	a	50.2
латинский	a	31.1
лев	s	24.1
левый	a	112.6
легенда	s	25.3
легкий	a	146.2
легко	adv	130.8
легкое	s	23.0
лед	s	36.1
лежать	v	176.4
лейкоцит	s	20.1
лекарственный	a	65.1
лекарство	s	26.7
лексема	s	20.3
лекция	s	39.4
ленинградский	a	24.4
лента	s	33.9
лес	s	256.9
лесной	a	271.0
лестница	s	21.0
лесхоз	s	44.8
лететь	v	22.7
летний	a	90.9
лето	s	85.5
лечебный	a	27.1
лечение	s	91.2
лечить	v	28.2
лечь	v	23.1
ли	conj	83.5
ли	part	627.2
либо	conj	439.0
лидер	s	52.2
ликвидация	s	62.7
лимфатический	a	20.8
лимфоцит	s	25.1
лингвистический	a	25.5
линейный	a	66.7
линия	s	261.9
лист	s	185.5
литература	s	238.5
литературный	a	64.6
лихорадка	s	34.8
лицензия	s	64.4
лицо	s	1175.9
личинка	s	25.4
лично	adv	57.6
личной	a	22.6
личностный	a	50.8
личность	s	224.2
личный	a	177.0
лишение	s	83.1
лишить	v	40.7
лишний	a	43.7
лишь	part	558.9
логика	s	86.0
логистика	s	48.0
логистический	a	43.9
логический	a	78.0
минимальный	a	177.9
минимум	s	65.9
министерство	s	116.0
министр	s	103.0
минус	s	20.7
минута	s	167.3
мир	s	795.2
мирный	a	34.2
мировой	a	289.6
митрополит	s	20.5
миф	s	33.5
младший	a	48.5
мм	intj	40.7
м-м	intj	20.5
мнение	s	298.7
многие	spro	46.9
многий	apro	391.2
много	adv	58.2
много	num	333.9
многое	spro	111.8
многолетний	a	26.3
многообразие	s	26.7
многочисленный	a	80.6
множество	s	215.7
мобильный	a	28.8
мода	s	26.1
моделирование	s	83.3
модель	s	509.7
модельный	a	20.7
модернизация	s	45.3
модификация	s	45.7
модуль	s	72.5
может	adv	83.1
можно	adv	1420.6
мозг	s	130.4
мой	apro	722.7
мол	part	32.7
молекула	s	103.2
молекулярный	a	54.0
молния	s	21.4
молодежь	s	34.8
молодец	s	31.0
молодой	a	167.4
молоко	s	59.9
молочный	a	28.4
молчать	v	24.4
момент	s	361.5
монастырь	s	58.8
монах	s	19.6
мониторинг	s	59.2
монография	s	29.7
мораль	s	23.3
моральный	a	49.0
море	s	116.7
мороз	s	19.2
морской	a	108.5
морфологический	a	27.0
московский	a	179.5
мост	s	47.6
мотив	s	103.9
насаждение	s	70.6
насекомое	s	34.8
население	s	349.9
населенный	a	21.3
насилие	s	29.3
насколько	adv	79.6
наследие	s	24.2
наследник	s	32.9
наследственный	a	24.1
наследство	s	36.3
насос	s	37.7
настаивать	v	21.6
настолько	adv	65.6
настоящее	s	18.9
настоящий	a	791.3
настроение	s	58.6
наступать	v	38.7
наступить	v	30.3
наступление	s	39.3
насчет	pr	39.2
натрий	s	22.2
натура	s	20.7
натуральный	a	67.1
наука	s	562.6
научиться	v	45.4
научно-исследовательский	a	36.1
научно-технический	a	41.2
научный	a	392.8
находить	v	87.2
находиться	v	496.3
нахождение	s	58.0
национальность	s	25.6
национальный	a	221.7
нация	s	59.6
начало	s	437.5
начальник	s	106.9
начальный	a	96.1
начать	v	265.5
начаться	v	108.0
начинать	v	272.8
начинаться	v	122.4
наш	apro	1102.5
не	part	11853.7
небесный	a	30.0
неблагоприятный	a	25.0
небо	s	67.5
небольшой	a	220.4
неверный	a	20.7
невозможно	adv	87.6
невозможность	s	46.1
невозможный	a	74.8
невысокий	a	23.7
негативный	a	70.5
недавний	a	29.3
недавно	adv	83.9
недвижимость	s	27.3
недвижимый	a	35.2
недействительныйнужда	s	55.4
нуждаться	v	58.5
нужно	adv	312.6
нужный	a	232.9
нуклеотидный	a	35.5
нулевой	a	19.0
нуль	s	31.8
ныне	adv	40.7
нынешний	a	62.4
о	intj	49.2
о	pr	3716.3
об	pr	964.0
оба	num	240.8
обвинение	s	32.9
обвиняемый	s	29.7
обед	s	29.1
обезьяна	s	20.4
обеспечение	s	392.8
обеспечивать	v	276.3
обеспечиваться	v	38.8
обеспечить	v	155.7
обещать	v	33.8
обжалование	s	30.3
обжаловать	v	25.8
обзор	s	43.7
обитание	s	24.4
обитать	v	19.0
обладать	v	234.6
областной	a	49.2
область	s	927.0
облигация	s	35.9
облик	s	30.3
обмен	s	102.7
обнаружение	s	65.9
обнаруживать	v	34.6
обнаруживаться	v	29.3
обнаружить	v	181.5
обновление	s	27.8
обо	pr	25.4
обобщение	s	37.7
обобщенный	a	36.7
обозначать	v	40.8
обозначение	s	44.7
обозначить	v	63.6
обойтись	v	29.3
оболочка	s	110.6
оборона	s	82.1
оборот	s	75.5
оборотный	a	19.9
оборудование	s	224.4
оборудовать	v	20.1
обоснование	s	55.2
обоснованный	a	24.6
обосновать	v	39.2
обособленный	a	21.3
обрабатывать	v	27.3
обработать	v	20.9
обработка	s	216.0
образ	s	834.8
образец	s	238.5
он	spro	5012.9
она	spro	2556.5
они	spro	3539.2
оно	spro	392.5
опасность	s	72.1
опасный	a	85.9
оперативный	a	66.1
оператор	s	68.2
операционный	a	19.9
операция	s	235.3
опираться	v	63.7
описание	s	218.9
описать	v	152.0
описывать	v	93.1
описываться	v	31.5
оплата	s	187.2
опора	s	30.7
опорный	a	19.5
оправдать	v	24.1
определение	s	480.8
определенный	a	414.2
определить	v	262.0
определять	v	306.5
определяться	v	249.1
опрос	s	51.2
опросить	v	21.6
оптимальный	a	105.2
оптимизация	s	51.8
оптический	a	48.5
оптовый	a	35.3
опубликовать	v	82.6
опустить	v	21.8
опухоль	s	20.5
опыт	s	354.1
опытный	a	62.4
опять	adv	135.8
оргазм	s	25.7
орган	s	906.3
организатор	s	32.0
организационный	a	62.4
организация	s	745.4
организм	s	200.1
организованный	a	30.3
организовать	v	72.9
организовывать	v	37.6
органический	a	63.9
орден	s	21.8
оригинальный	a	50.7
ориентация	s	53.3
ориентировать	v	56.1
ориентироваться	v	24.7
орудие	s	31.9
оружие	s	121.8
освещение	s	25.9
освободить	v	30.3
освобождение	s	45.2
освоение	s	63.5
освоить	v	24.4
осень	s	45.7
ослабление	s	20.1
оттенок	s	35.4
оттуда	advpro	28.8
отходы	s	56.2
отчасти	adv	27.8
отчет	s	76.7
отчетливо	adv	24.3
отчетность	s	50.2
отчетный	a	24.0
офис	s	26.5
офицер	s	52.0
официально	adv	22.0
официальный	a	113.5
оформить	v	35.6
оформление	s	63.1
ох	intj	19.7
охарактеризовать	v	21.0
охватить	v	22.2
охватывать	v	48.8
охлаждение	s	27.6
охота	s	22.3
охрана	s	165.7
охранять	v	29.3
оценивание	s	23.4
оценивать	v	67.9
оцениваться	v	36.2
оценить	v	91.0
оценка	s	488.6
очаг	s	38.2
очевидно	adv	105.3
очевидный	a	61.0
очень	adv	1094.3
очередной	a	65.4
очередь	s	212.5
очерк	s	25.7
очертить	v	19.2
очистить	v	30.5
очистка	s	48.9
очко	s	20.7
ошибка	s	131.7
ощущать	v	31.3
ощущение	s	98.0
падать	v	43.4
падение	s	45.4
пакет	s	56.7
палата	s	64.6
палец	s	72.9
памятник	s	51.5
память	s	122.1
панель	s	30.9
папа	s	81.2
пар	s	31.7
пара	s	138.3
парадигма	s	30.5
парадокс	s	31.2
парадоксальный	a	23.0
параллельно	adv	29.8
параллельный	a	37.9
параметр	s	241.0
парень	s	42.3
парк	s	81.1
плохой	a	142.0
площадка	s	53.1
площадь	s	203.8
плюс	conj	24.8
плюс	s	19.5
по	pr	6838.9
побег	s	45.3
победа	s	61.8
победитель	s	21.9
победить	v	22.7
поведение	s	242.1
повезти	v	24.2
поверить	v	35.8
поверхностный	a	79.2
поверхность	s	344.7
повестка	s	26.9
повесть	s	25.9
по-видимому	adv	73.0
повлечь	v	29.3
повлиять	v	24.7
повод	s	138.4
поворот	s	47.6
повредить	v	23.1
повреждение	s	56.7
повседневный	a	27.3
повторение	s	20.3
повторить	v	25.8
повторный	a	34.3
повторять	v	48.7
повторяться	v	28.2
повысить	v	49.8
повышать	v	45.3
повышаться	v	24.3
повышение	s	215.1
повышенный	a	78.6
погашение	s	23.2
погибнуть	v	38.2
поглощение	s	23.7
поговорить	v	39.1
погода	s	35.4
пограничный	a	35.0
под	pr	748.8
подавать	v	39.9
подаваться	v	26.5
подавление	s	24.2
подавлять	v	37.6
подарить	v	33.3
подарок	s	59.3
подать	v	59.5
подача	s	77.2
подбор	s	25.5
подвергаться	v	43.2
подвергнуть	v	21.6
подвижный	a	28.0
подводный	a	40.0
подготовительный	a	21.8
подготовить	v	74.4
подготовка	s	237.5
поддаваться	v	24.9
получатель	s	22.9
получать	v	262.5
получаться	v	114.9
получение	s	260.2
получить	v	840.1
получиться	v	103.1
польза	s	87.4
пользование	s	144.2
пользователь	s	134.4
пользоваться	v	169.3
полюс	s	20.5
поместить	v	37.3
помеха	s	25.6
помещение	s	138.4
помимо	pr	89.1
помнить	v	178.1
помогать	v	120.1
помочь	v	142.7
помощник	s	47.8
помощь	s	475.8
понедельник	s	23.0
понимание	s	188.0
понимать	v	333.6
пониматься	v	43.7
понравиться	v	73.7
понятие	s	384.4
понятно	adv	73.4
понятный	a	58.8
понять	v	266.6
попадать	v	45.9
попасть	v	83.8
поперечный	a	61.9
по-прежнему	adv	36.7
попробовать	v	92.9
попросить	v	40.1
популярность	s	19.2
популярный	a	42.7
популяция	s	49.7
попытаться	v	44.1
попытка	s	119.4
пора	adv	25.9
пора	s	226.4
поражать	v	18.8
поражение	s	70.8
поразить	v	21.9
по-разному	adv	33.9
порог	s	30.8
порода	s	157.0
породить	v	23.5
порождать	v	44.8
порошок	s	27.8
порт	s	27.1
портрет	s	31.2
поручение	s	40.0
поручить	v	19.8
порядок	s	677.7
посадить	v	25.3
посадка	s	44.3
посвятить	v	109.1
поселок	s	27.5
предок	s	22.2
предоставить	v	89.8
предоставление	s	98.0
предоставлять	v	76.1
предоставляться	v	36.2
предотвращение	s	31.0
предполагать	v	135.5
предполагаться	v	58.7
предположение	s	62.8
предположить	v	72.2
предпосылка	s	43.2
предпочитать	v	33.5
предпочтение	s	43.0
предприниматель	s	82.5
предпринимательский	a	41.0
предпринимательство	s	22.9
предпринять	v	28.4
предприятие	s	585.1
председатель	s	92.7
представитель	s	255.7
представительство	s	43.7
представить	v	414.4
представление	s	387.6
представлять	v	412.4
представляться	v	146.2
предстоять	v	37.3
предстоящий	a	21.1
предупреждение	s	44.8
предусматривать	v	73.2
предусматриваться	v	25.6
предусмотреть	v	345.6
предшествовать	v	46.2
предъявить	v	36.9
предъявление	s	33.9
предъявлять	v	37.1
предыдущий	a	95.4
прежде	adv	50.2
прежде	pr	214.7
прежний	a	65.2
президент	s	165.5
президиум	s	31.7
презумпция	s	36.8
преимущественно	adv	62.3
преимущество	s	100.1
прекрасно	adv	41.0
прекрасный	a	74.0
прекратить	v	40.7
прекращаться	v	25.0
прекращение	s	92.7
премия	s	43.5
преобладание	s	21.0
преобладать	v	31.5
преобразование	s	111.3
преодоление	s	39.7
преодолеть	v	29.2
препарат	s	195.6
проблематика	s	29.3
проблемный	a	20.2
пробовать	v	34.9
проведение	s	353.7
проверить	v	60.3
проверка	s	122.7
проверять	v	42.2
провести	v	301.7
провинция	s	22.0
провод	s	20.5
проводить	v	260.6
проводиться	v	162.2
прогноз	s	73.1
прогнозирование	s	45.7
прогнозировать	v	22.9
программа	s	440.9
программирование	s	21.0
программный	a	105.2
прогресс	s	48.3
прогрессивный	a	25.8
прогулка	s	18.7
продавать	v	32.9
продаваться	v	19.5
продавец	s	58.4
продажа	s	108.5
продать	v	30.2
продвижение	s	29.5
продемонстрировать	v	26.8
продолжать	v	134.2
продолжаться	v	68.9
продолжение	s	54.4
продолжительность	s	53.7
продолжить	v	37.4
продольный	a	29.0
продукт	s	335.6
продуктивность	s	24.6
продуктивный	a	24.8
продукция	s	319.2
проект	s	309.7
проектирование	s	68.9
проектный	a	31.7
проживание	s	31.6
проживать	v	48.0
прожить	v	21.2
прозрачный	a	32.0
произведение	s	137.4
произвести	v	88.4
производитель	s	83.8
производительность	s	64.0
производить	v	115.0
производиться	v	117.7
производная	s	21.8
производный	a	26.7
производственный	a	149.0
производство	s	748.4
равный	a	332.2
рад	a	38.9
ради	pr	53.3
радикальный	a	24.9
радио	s	28.8
радиоактивный	a	22.3
радиолокационный	a	23.4
радиус	s	33.3
радоваться	v	19.3
радость	s	55.6
раз	conj	36.1
раз	s	817.7
разбирательство	s	57.2
разбить	v	19.3
разве	part	58.0
разведение	s	32.0
разведка	s	48.7
развернуть	v	24.8
развивать	v	67.4
развиваться	v	108.0
развивающийся	a	25.8
развитие	s	1059.6
развитой	a	80.7
развить	v	23.9
развод	s	22.4
разговаривать	v	45.0
разговор	s	102.7
разграничение	s	19.2
раздел	s	141.0
разделение	s	69.6
разделить	v	74.7
разделять	v	38.8
различать	v	34.6
различаться	v	51.7
различие	s	158.2
различный	a	640.9
разложение	s	18.7
разлом	s	23.7
размер	s	563.8
разместить	v	36.2
размещение	s	72.3
размножение	s	25.2
размышление	s	35.1
разница	s	75.2
разновидность	s	30.7
разнообразие	s	46.1
разнообразный	a	73.8
разность	s	20.7
разный	a	513.0
разобраться	v	34.0
разрабатывать	v	49.4
разрабатываться	v	32.4
разработать	v	236.8
разработка	s	363.3
разработчик	s	27.4
разрез	s	53.2
разрешать	v	25.3
разрешаться	v	26.7
разрешение	s	149.7
рентабельность	s	18.6
рентгеновский	a	22.7
реорганизация	s	26.3
реплика	s	25.1
репродукция	s	23.6
респондент	s	51.3
республика	s	200.2
ресторан	s	23.1
ресурс	s	253.6
референдум	s	65.9
реформа	s	93.8
реформирование	s	20.8
рецепт	s	19.2
рецептор	s	23.4
речь	s	247.3
решать	v	119.6
решаться	v	47.1
решающий	a	34.0
решение	s	1122.3
решетка	s	30.8
решить	v	215.3
римский	a	46.1
риск	s	123.4
рисовать	v	23.3
рисунок	s	776.2
ритм	s	29.7
ровно	adv	19.0
рог	s	29.3
род	s	247.3
родина	s	39.1
родитель	s	196.6
родительский	a	27.1
родить	v	31.9
родиться	v	69.0
родной	a	51.7
родственник	s	49.0
рождаться	v	26.3
рождение	s	121.7
роза	s	32.0
розничный	a	32.7
розовый	a	28.8
роль	s	400.3
роман	s	109.0
российский	a	1425.8
рост	s	336.3
рот	s	37.3
рубеж	s	69.1
рубка	s	38.8
рубль	s	307.3
руда	s	45.0
рудный	a	23.9
рука	s	372.1
руководитель	s	165.8
руководить	v	30.8
руководство	s	138.4
руководствоваться	v	38.2
руководящий	a	22.5
рукопись	s	26.9
русло	s	25.3
сертификат	s	20.7
сертификация	s	23.1
серый	a	28.9
серьезно	adv	36.1
серьезный	a	125.9
сессия	s	32.0
сестра	s	51.3
сесть	v	33.5
сетевой	a	25.2
сетка	s	33.1
сеть	s	226.1
сечение	s	32.0
сжатие	s	20.7
сзади	adv	26.0
сибирский	a	48.4
сигнал	s	123.1
сидеть	v	159.1
сила	s	702.0
силовой	a	27.6
сильно	adv	151.0
сильный	a	179.6
символ	s	83.7
символический	a	26.9
симметрия	s	28.0
симптом	s	28.2
синдром	s	24.3
синий	a	28.5
синтаксический	a	23.6
синтез	s	107.0
синтезировать	v	24.9
синтетический	a	28.2
система	s	1798.0
систематический	a	29.1
системный	a	65.0
ситуация	s	516.5
скажем	adv	61.2
сказать	v	801.3
сказка	s	47.1
сказываться	v	21.4
скважина	s	111.0
сквозь	pr	25.9
скидка	s	21.1
склад	s	45.6
складской	a	20.8
складываться	v	56.5
склон	s	33.1
склонный	a	23.0
сколько	advpro	39.5
сколько	num	177.4
скопление	s	21.2
скоро	adv	76.3
скорость	s	210.2
скорый	a	137.4
скот	s	32.5
скромный	a	20.2
скрытый	a	36.3
скрыть	v	19.1
скульптура	s	23.0
слабо	adv	58.3
слабость	s	19.1
соединение	s	222.4
соединить	v	52.7
соединять	v	26.5
соединяться	v	19.5
сожаление	s	96.5
создавать	v	201.6
создаваться	v	81.2
создание	s	465.2
создатель	s	19.7
создать	v	327.5
сознание	s	248.7
сознательный	a	37.3
сок	s	34.4
сократить	v	32.9
сократиться	v	20.2
сокращение	s	84.3
солдат	s	28.8
солнечный	a	50.5
солнце	s	82.2
соль	s	58.7
сомневаться	v	25.9
сомнение	s	69.1
сон	s	78.1
соображение	s	35.3
сообщать	v	42.0
сообщение	s	123.7
сообщество	s	81.9
сообщить	v	57.3
сооружение	s	81.2
соответственно	adv	191.0
соответствие	s	508.9
соответствовать	v	271.3
соответствующий	a	383.1
соотношение	s	133.9
сопоставимый	a	19.5
сопоставление	s	45.9
сопровождать	v	30.7
сопровождаться	v	55.5
сопровождение	s	28.5
сопротивление	s	46.7
сорок	num	44.6
сорт	s	52.2
сосед	s	39.5
соседний	a	39.0
сосна	s	38.7
сосредоточить	v	25.4
состав	s	487.7
составить	v	214.3
составление	s	52.7
составлять	v	406.2
составляющая	s	44.4
составной	a	32.4
состояние	s	687.3
состоять	v	320.7
состояться	v	93.1
сосуд	s	71.1
сотня	s	53.7
сотрудник	s	134.6
сотрудничество	s	160.5
сохранение	s	110.4
стимулировать	v	40.6
стихи	s	63.9
стихотворение	s	45.0
сто	num	76.4
стоимость	s	212.0
стоить	v	331.7
стойка	s	33.0
стол	s	94.2
столб	s	28.7
столетие	s	57.1
столица	s	39.5
столкновение	s	24.5
столкнуться	v	18.6
столовый	a	32.2
столь	advpro	123.1
столько	advpro	47.4
столько	num	54.4
стопа	s	24.6
сторона	s	959.9
сторонник	s	27.7
стоять	v	86.5
страдание	s	21.9
страдать	v	43.7
стража	s	20.0
страна	s	823.7
страница	s	95.6
странно	adv	28.3
странный	a	57.4
страсть	s	39.8
стратегический	a	79.5
стратегия	s	92.3
страх	s	62.2
страхование	s	99.7
страхователь	s	19.9
страховой	a	91.7
страховщик	s	29.0
страшно	adv	35.4
страшный	a	67.1
стрелка	s	28.1
стрельба	s	21.7
стремиться	v	102.4
стремление	s	83.5
стресс	s	18.8
строгий	a	52.9
строго	adv	46.1
строение	s	127.6
строительный	a	67.0
строительство	s	189.1
строить	v	65.0
строиться	v	67.2
строй	s	65.9
строка	s	46.7
структура	s	644.0
структурный	a	122.7
студент	s	98.0
стул	s	24.4
ступень	s	41.4
суббота	s	29.5
субтип	s	22.0
субъект	s	325.6
техника	s	212.7
технический	a	310.1
техногенный	a	23.5
технологический	a	171.2
технология	s	375.5
течение	s	379.4
тип	s	589.1
типичный	a	59.2
типовой	a	42.7
титр	s	50.5
тихий	a	35.8
ткань	s	119.9
то	conj	916.5
то	part	91.4
то	spro	3605.6
товар	s	260.0
товарищ	s	48.6
товарищество	s	31.0
товарный	a	62.7
тогда	advpro	460.6
тоже	adv	589.0
ток	s	72.0
толкование	s	50.1
толпа	s	18.7
толстый	a	34.8
толща	s	19.5
толщина	s	58.4
только	conj	59.7
только	part	1935.8
том	s	148.3
тон	s	36.9
тонкий	a	105.0
тонна	s	34.8
топик	s	34.2
топливный	a	21.6
топливо	s	66.5
торговля	s	103.3
торговый	a	75.7
торжественный	a	18.6
тот	apro	2971.0
точка	s	447.3
точно	adv	136.5
точность	s	75.7
точный	a	133.1
трава	s	32.9
травма	s	19.9
трагедия	s	30.4
трагический	a	21.7
традиционно	adv	33.4
традиционный	a	140.7
традиция	s	117.0
траектория	s	27.3
трактат	s	19.7
трактовка	s	27.3
транзитный	a	20.6
транслит	s	127.7
транспорт	s	114.3
транспортировка	s	25.7
транспортный	a	151.0
трансформация	s	35.9
уменьшаться	v	40.3
уменьшение	s	86.3
уменьшить	v	31.7
уменьшиться	v	24.6
умереть	v	66.1
уметь	v	102.5
умирать	v	21.5
умный	a	41.9
умственный	a	39.2
универсальный	a	70.1
университет	s	119.1
уникальный	a	71.7
унитарный	a	19.0
уничтожение	s	38.9
уничтожить	v	24.8
упаковка	s	37.3
упасть	v	29.5
уплата	s	48.4
уполномоченный	a	29.3
уполномочить	v	26.7
упоминаться	v	24.6
упомянуть	v	53.5
упорядочить	v	24.1
употребление	s	41.1
употреблять	v	29.7
управление	s	564.2
управленческий	a	36.9
управляемый	a	28.4
управлять	v	47.6
управляющий	a	40.9
управляющий	s	31.6
упражнение	s	47.4
уравнение	s	110.0
урегулирование	s	45.3
уровень	s	881.6
урожай	s	25.1
урожайность	s	21.2
урок	s	61.5
усадьба	s	20.9
усиление	s	53.7
усиливать	v	21.8
усиливаться	v	19.2
усилие	s	115.4
усилить	v	19.0
ускорение	s	27.2
условие	s	929.7
условно	adv	30.1
условный	a	44.5
услуга	s	299.0
услышать	v	34.2
успеть	v	50.2
успех	s	130.4
успешно	adv	61.3
успешный	a	53.3
устав	s	81.2
уставной	a	26.4
устанавливать	v	86.1
устанавливаться	v	91.7
установить	v	497.7
установка	s	242.3
функция	s	412.2
хаос	s	21.7
характер	s	388.3
характеризовать	v	90.8
характеризоваться	v	84.9
характеристика	s	316.8
характерный	a	171.9
хватать	v	59.2
хватить	v	39.7
хвойный	a	25.0
хвост	s	26.7
химический	a	180.4
химия	s	57.5
хлеб	s	47.6
ход	s	268.5
ходатайство	s	48.5
ходить	v	166.6
хозяин	s	52.1
хозяйственный	a	89.7
хозяйство	s	239.0
холодильник	s	29.6
холодный	a	64.6
хороший	a	361.9
хорошо	adv	392.4
хорошо	part	33.7
хотеть	v	564.3
хотеться	v	169.3
хоть	conj	32.4
хоть	part	90.8
хотя	conj	408.0
хотя	part	70.4
храм	s	68.1
хранение	s	132.2
хранилище	s	21.0
хранить	v	37.9
храниться	v	58.4
христианский	a	55.7
христианство	s	32.1
хромосома	s	20.9
хронический	a	38.4
художественный	a	93.3
художник	s	84.9
царский	a	25.4
царство	s	23.3
царь	s	50.9
цвет	s	188.2
цветение	s	19.3
цветной	a	39.0
цветовой	a	22.0
цветок	s	87.8
целевой	a	65.7
целенаправленный	a	20.8
целесообразно	adv	23.7
целесообразность	s	22.4
целесообразный	a	31.1
целиком	adv	32.4
целовать	v	28.3
целое	s	249.5
э	intj	58.7
эволюционный	a	23.6
эволюция	s	90.3
экзамен	s	37.3
экземпляр	s	67.5
экипаж	s	20.9
экологический	a	125.3
экология	s	24.6
экономика	s	294.1
экономист	s	20.5
экономически	adv	25.0
экономический	a	452.3
экономия	s	27.1
экосистема	s	26.3
экран	s	42.9
экспедиция	s	23.6
эксперимент	s	156.9
экспериментальный	a	130.8
экспериментатор	s	21.6
эксперт	s	108.7
экспертиза	s	70.1
экспертный	a	48.4
эксплуатационный	a	32.0
эксплуатация	s	166.6
экспозиция	s	22.6
экспорт	s	51.7
электрический	a	120.3
электричество	s	23.1
электромагнитный	a	41.4
электрон	s	48.9
электронный	a	135.4
ближайший	a	88.7
ближний	a	36.0
близкий	a	196.8
близко	adv	27.3
близость	s	40.3
блин	intj	24.9
блин	s	22.9
блок	s	132.5
блюдо	s	22.6
бог	s	206.8
богатство	s	35.0
богатый	a	58.5
боевой	a	172.9
божественный	a	33.6
божий	a	30.3
бой	s	66.7
бок	s	37.0
боковой	a	63.7
более	adv	1030.4
более	num	275.6
болезнь	s	130.1
болеть	v	59.7
боль	s	51.1
больница	s	37.9
больно	adv	28.0
больной	a	56.1
больной	s	224.7
больше	adv	240.9
больше	num	165.7
больший	a	188.7
большинство	s	238.7
большой	a	899.4
бомба	s	31.5
бор	s	20.2
бороться	v	39.7
борт	s	29.2
борьба	s	201.1
бояться	v	105.3
брак	s	96.3
брат	s	75.6
брать	v	141.7
браться	v	26.3
бригада	s	24.5
британский	a	21.4
бросать	v	23.4
бросить	v	45.2
брюшко	s	27.3
будто	conj	24.2
будто	part	44.6
будущее	s	133.5
будущий	a	93.6
буква	s	58.2
буквально	adv	38.4
бульон	s	32.4
бумага	s	123.8
бурение	s	22.6
буржуазный	a	19.2
бурный	a	20.2
бутылка	s	24.2
бухгалтерский	a	40.3
вирусология	s	42.5
витамин	s	28.8
вич-инфекция	s	27.0
вклад	s	108.9
включать	v	224.0
включаться	v	36.4
включая	pr	120.3
включение	s	74.1
включить	v	91.6
вкус	s	71.4
вкусный	a	22.7
влага	s	24.4
влагалище	s	22.0
владелец	s	65.4
владение	s	41.7
владеть	v	40.3
влажность	s	21.1
власть	s	400.2
влечь	v	79.4
влияние	s	314.1
влиять	v	100.6
вложение	s	23.5
вместе	adv	304.9
вместо	pr	95.7
вмешательство	s	30.0
вначале	adv	34.1
вне	pr	84.6
внедрение	s	86.9
внесение	s	67.6
внести	v	70.6
внешне	adv	19.9
внешний	a	319.5
вниз	adv	51.6
внимание	s	374.0
внимательно	adv	23.4
вновь	adv	108.0
вносить	v	59.0
внутренний	a	416.9
внутри	adv	24.9
внутри	pr	98.0
во	pr	1055.1
вовсе	adv	68.8
во-вторых	adv	94.3
вода	s	519.0
водитель	s	30.1
водный	a	139.3
водоем	s	31.5
водород	s	43.5
водородный	a	20.4
военнослужащий	s	36.0
военный	a	264.1
вождь	s	18.6
возбудитель	s	23.4
возбудить	v	19.9
возбуждение	s	48.0
возврат	s	31.0
возвращаться	v	61.4
возвращение	s	42.8
возглавлять	v	20.3
воздействие	s	221.0
выборка	s	51.5
выборочный	a	25.9
выборы	s	45.4
выбрать	v	130.8
выброс	s	29.8
вывести	v	37.4
вывод	s	234.5
выводить	v	25.4
выглядеть	v	92.4
выгода	s	23.0
выгодный	a	24.8
выдавать	v	30.9
выдаваться	v	22.6
выдать	v	52.7
выдача	s	65.7
выдающийся	a	35.9
выдвинуть	v	28.8
выделение	s	123.3
выделить	v	209.1
выделять	v	78.4
выделяться	v	68.8
выдержать	v	23.5
выемка	s	30.0
вызвать	v	139.9
вызов	s	45.9
вызывать	v	176.8
выиграть	v	21.9
выйти	v	168.6
вынесение	s	35.9
вынести	v	52.9
выносить	v	34.8
вынудить	v	29.9
вынужденный	a	32.5
выпить	v	22.0
выплата	s	61.6
выполнение	s	256.0
выполнить	v	157.6
выполнять	v	180.2
выполняться	v	60.6
выпуклый	a	21.8
выпуск	s	135.0
выпускать	v	52.7
выпускник	s	18.7
выпустить	v	38.0
вырабатывать	v	22.9
выработать	v	41.0
выработка	s	62.5
выражать	v	58.4
выражаться	v	48.3
выражение	s	136.4
выраженный	a	47.3
выразить	v	102.1
вырасти	v	60.0
вырастить	v	18.8
выращивание	s	22.9
вырезать	v	20.3
вырост	s	64.7
высказать	v	48.2
высказывание	s	70.1
высокий	a	703.6
грех	s	24.4
греческий	a	45.3
гриб	s	35.5
грипп	s	121.4
грубый	a	33.8
грудной	a	30.4
грудь	s	66.9
груз	s	79.8
грузовой	a	24.9
грунт	s	51.6
группа	s	771.2
группировка	s	44.5
групповой	a	37.8
губа	s	33.4
губернатор	s	19.7
гулять	v	34.2
гуманитарный	a	47.3
густой	a	21.4
да	conj	441.3
да	part	873.1
давай	part	75.3
давайте	part	44.4
давать	v	379.9
даваться	v	34.9
давление	s	167.3
давно	adv	118.1
давность	s	21.9
даже	conj	125.3
даже	part	675.6
далее	adv	520.4
далекий	a	146.2
далеко	adv	106.6
дальневосточный	a	19.7
дальнейшее	s	41.1
дальнейший	a	210.0
дальний	a	55.8
дальность	s	23.6
дама	s	30.9
данные	s	798.3
данный	apro	795.0
дар	s	19.3
дата	s	112.5
датчик	s	20.9
дать	v	376.2
дача	s	56.5
два	num	1190.9
двадцать	num	96.0
дважды	adv	20.1
двенадцать	num	21.5
дверь	s	61.2
двести	num	30.7
двигатель	s	82.0
двигаться	v	71.2
движение	s	368.8
двое	num	30.4
двойной	a	46.0
двор	s	62.8
дворец	s	52.7
двусторонний	a	42.9
де	part	34.5
доктор	s	77.6
доктрина	s	20.4
документ	s	406.3
документация	s	50.7
долг	s	53.3
долгий	a	71.0
долго	adv	100.8
долгосрочный	a	37.8
должен	a	1152.5
должник	s	97.8
должно	adv	80.4
должностной	a	131.4
должность	s	92.1
должный	a	27.2
доллар	s	121.0
доля	s	235.7
дом	s	343.6
дома	adv	80.1
домашний	a	84.3
доминировать	v	19.7
доминирующий	a	19.0
домой	adv	55.0
домохозяйство	s	21.0
дон	s	26.5
донор	s	28.0
дополнение	s	55.3
дополнительно	adv	28.6
дополнительный	a	216.9
дополнить	v	25.4
дополнять	v	18.9
допрос	s	18.6
допускать	v	58.9
допускаться	v	77.2
допустимый	a	43.5
допустить	v	70.2
дорога	s	144.4
дорогой	a	110.1
дорожка	s	27.2
дорожный	a	30.3
доска	s	32.2
доставка	s	41.8
доставлять	v	18.8
достаточно	adv	305.9
достаточный	a	66.5
достать	v	22.7
достигать	v	86.7
достигаться	v	36.3
достигнуть	v	139.3
достижение	s	167.3
достоверно	adv	19.8
достоверность	s	41.6
достоверный	a	41.2
достоинство	s	59.6
достойный	a	33.3
доступ	s	78.4
доступный	a	65.4
доход	s	210.9
доходить	v	21.8
дочка	s	39.7
дочь	s	58.9
задний	a	151.5
задолженность	s	41.8
заемщик	s	20.5
заинтересованный	a	42.5
заинтересовать	v	31.6
зайти	v	32.4
заказ	s	59.5
заказать	v	19.7
заказчик	s	89.1
заканчиваться	v	34.3
заключать	v	29.0
заключаться	v	129.5
заключение	s	197.1
заключительный	a	20.1
заключить	v	87.2
закон	s	868.2
законность	s	29.6
законный	a	113.4
законодатель	s	31.4
законодательный	a	63.5
законодательство	s	287.5
закономерность	s	70.3
закономерный	a	18.7
закончить	v	49.4
закончиться	v	29.2
закрепить	v	49.4
закрепление	s	24.8
закрывать	v	25.4
закрытый	a	47.6
закрыть	v	45.7
закупка	s	19.6
зал	s	68.5
залежь	s	27.6
залог	s	48.8
заложить	v	63.0
замена	s	89.0
заменить	v	52.0
заменять	v	20.6
заместитель	s	100.4
заметить	v	137.4
заметка	s	19.0
заметно	adv	44.6
заметный	a	56.0
замечание	s	62.6
замечательный	a	57.4
замечать	v	44.1
замкнутый	a	24.1
замок	s	26.1
замуж	adv	25.9
замысел	s	33.0
занимать	v	164.4
заниматься	v	237.5
заново	adv	22.7
занятие	s	111.9
занятость	s	49.5
занять	v	95.4
заняться	v	28.9
заостренный	a	24.0
запад	s	72.7
идеологический	a	31.6
идеология	s	45.7
идея	s	360.9
идти	v	524.2
иерархический	a	30.6
иерархия	s	44.4
из	pr	3849.3
избавиться	v	20.3
избежать	v	34.2
избирательный	a	34.8
избранный	a	18.8
избрать	v	33.9
избыточный	a	19.4
известно	adv	145.6
известный	a	330.0
извинить	v	34.6
извлечение	s	30.3
изготовить	v	43.1
изготовление	s	72.1
издание	s	82.3
издательство	s	44.2
издать	v	29.6
изделие	s	137.9
издержки	s	34.2
из-за	pr	197.6
изложение	s	33.1
изложить	v	62.5
излучение	s	76.8
изменение	s	586.7
изменить	v	93.9
измениться	v	72.1
изменчивость	s	25.6
изменять	v	47.8
изменяться	v	66.5
измерение	s	142.5
измерительный	a	24.4
измерить	v	25.1
измерять	v	28.4
изначально	adv	26.6
износ	s	19.7
изображать	v	24.9
изображение	s	136.5
изобразить	v	52.2
изобретение	s	51.6
изогнутый	a	21.3
изогнуть	v	24.4
изолированный	a	19.0
изолировать	v	29.0
изолят	s	48.2
изоляция	s	32.5
из-под	pr	24.5
изучать	v	97.7
изучаться	v	22.0
изучение	s	290.8
изучить	v	85.2
изъятие	s	29.0
икона	s	34.5
ил	s	46.9
или	conj	3874.1
иллюзия	s	21.8
итак	conj	70.2
итальянский	a	34.8
итог	s	141.9
их	apro	1751.6
июль	s	81.8
июнь	s	107.6
к	pr	5476.8
кабель	s	19.9
кабинет	s	35.2
кадр	s	55.2
кадровый	a	23.1
каждый	apro	912.1
кажется	adv	49.0
казаться	v	254.7
как	advpro	1688.5
как	conj	3754.5
каков	apro	60.5
какой	apro	798.8
какой-либо	apro	131.6
какой-нибудь	apro	84.2
какой-то	apro	415.8
как-то	advpro	142.5
каменный	a	45.5
камень	s	102.6
камера	s	51.5
кампания	s	31.0
канал	s	116.9
кандидат	s	82.4
капитал	s	133.8
капитальный	a	32.2
капля	s	25.4
капуста	s	21.4
карта	s	148.2
картина	s	152.0
картинка	s	33.3
картографический	a	29.2
картофель	s	20.6
карточка	s	35.0
карьера	s	22.6
касаться	v	173.0
кассационный	a	55.2
катализатор	s	38.0
каталитический	a	20.9
каталог	s	28.5
катастрофа	s	28.8
категория	s	175.4
католический	a	20.4
кафедра	s	43.2
качественно	adv	29.4
качественный	a	88.7
качество	s	782.4
квадрат	s	31.1
квадратный	a	55.2
квалификационный	a	22.4
квалификация	s	46.8
квалифицированный	a	22.4
квантовый	a	35.8
контрольный	a	71.8
контур	s	39.0
конференция	s	104.2
конфигурация	s	31.3
конфликт	s	85.4
концентрация	s	183.1
концептуальный	a	24.6
концепция	s	184.6
концерт	s	25.0
кончик	s	22.8
кончиться	v	19.5
конь	s	19.3
кооператив	s	30.9
кооперация	s	20.9
координата	s	46.9
координация	s	32.5
копия	s	65.4
кора	s	52.1
корабельный	a	22.3
корабль	s	219.1
коренной	a	37.6
корень	s	104.0
коричневый	a	19.0
корм	s	20.9
кормить	v	40.2
кормление	s	20.9
корневой	a	20.8
коробка	s	19.3
корова	s	21.4
королевский	a	19.0
король	s	42.0
короткий	a	210.9
корпоративный	a	41.8
корпорация	s	39.4
корпус	s	77.2
корректировка	s	20.8
корреляция	s	39.6
корреспондент	s	18.8
коррупция	s	21.7
косвенный	a	27.7
косметика	s	29.0
космический	a	82.7
космос	s	38.2
кость	s	86.3
кот	s	19.7
котел	s	44.4
который	apro	4587.5
кофе	s	27.3
кошка	s	34.8
коэффициент	s	138.5
край	s	238.8
крайне	adv	58.3
крайний	a	101.8
кран	s	23.6
красивый	a	102.0
краситель	s	18.6
краска	s	50.9
красный	a	135.1
красота	s	75.6
краткий	a	38.1
лодка	s	33.9
ложиться	v	22.4
ложка	s	32.7
ложный	a	33.8
локальный	a	69.8
локомотив	s	25.5
лопасть	s	53.5
лошадь	s	27.5
лук	s	34.4
луч	s	43.8
лучше	part	75.8
лучший	a	319.3
льгота	s	27.5
любимый	a	69.4
любитель	s	19.6
любить	v	242.1
любовница	s	24.5
любовь	s	163.1
любой	apro	498.2
магазин	s	99.7
магистральный	a	22.7
магнитный	a	79.6
май	s	107.8
максимально	adv	49.3
максимальный	a	128.9
максимум	s	37.6
маленький	a	247.5
мало	adv	102.7
мало	num	157.2
малый	a	210.0
малыш	s	41.2
мальчик	s	90.7
мама	s	192.9
манера	s	18.6
марка	s	42.1
маркетинг	s	19.4
март	s	83.7
маршрут	s	33.6
маска	s	27.4
масло	s	118.9
масса	s	248.1
массив	s	40.2
массовый	a	130.3
мастер	s	84.2
мастерская	s	20.3
масштаб	s	101.0
масштабный	a	19.6
математик	s	33.7
математика	s	73.1
математический	a	120.8
материал	s	607.6
материальный	a	167.5
материя	s	40.7
матка	s	19.2
матрица	s	65.0
матч	s	32.8
мать	s	125.0
машина	s	280.5
машиностроение	s	24.1
мебель	s	39.6
мотивация	s	36.4
мочь	v	3091.7
мощность	s	123.1
мощный	a	80.6
мудрость	s	19.5
муж	s	293.7
мужик	s	40.8
мужской	a	55.8
мужчина	s	249.6
музей	s	44.1
музыка	s	57.2
музыкальный	a	26.5
мука	s	30.5
муниципальный	a	125.6
мутация	s	32.6
мы	spro	2814.3
мыслитель	s	20.3
мыслительный	a	18.9
мыслить	v	34.6
мысль	s	277.3
мыть	v	21.6
мышечный	a	31.2
мышление	s	134.8
мышца	s	116.9
мышь	s	95.5
мягкий	a	62.5
мясной	a	76.5
мясо	s	99.1
на	pr	13509.4
набережная	s	20.5
наблюдатель	s	32.0
наблюдательный	a	24.0
наблюдать	v	109.3
наблюдаться	v	155.0
наблюдение	s	180.2
набор	s	130.8
набрать	v	18.7
наверно	adv	63.5
наверное	adv	144.1
наверняка	adv	21.1
навсегда	adv	21.0
навык	s	44.4
наглядно	adv	19.7
наглядный	a	19.6
награда	s	20.6
нагрузка	s	84.9
над	pr	279.4
надежда	s	72.3
надежность	s	55.0
надежный	a	62.9
наделить	v	19.9
надеяться	v	93.3
надзор	s	72.5
надзорный	a	32.4
надлежащий	a	32.4
надо	adv	627.9
надоесть	v	22.8
надпись	s	37.5
назад	adv	166.8
название	s	178.0
	a	39.4
неделя	s	177.4
недостаток	s	114.0
недостаточно	adv	45.6
недостаточный	a	46.0
недра	s	78.8
нежели	conj	26.3
нежный	a	30.3
независимо	adv	86.7
независимость	s	35.4
независимый	a	64.3
незаконный	a	54.2
незначительный	a	42.6
неизбежно	adv	29.3
неизбежный	a	25.6
неизвестный	a	42.9
неизменный	a	27.2
неисполнение	s	19.4
неисправность	s	18.8
нейрон	s	22.1
нейтральный	a	18.7
некий	apro	112.8
некоторые	spro	22.0
некоторый	apro	589.3
нелинейный	a	25.1
нельзя	adv	239.2
немало	num	34.1
немалый	a	21.9
немедленно	adv	35.6
немец	s	22.2
немецкий	a	82.5
немного	adv	77.1
немножко	adv	29.1
необходимо	adv	327.5
необходимость	s	282.1
необходимый	a	415.6
необычный	a	44.2
неоднократно	adv	36.6
неоднородность	s	18.7
неожиданно	adv	19.9
неожиданный	a	27.9
неопределенность	s	42.4
неотъемлемый	a	19.9
неплохо	adv	20.1
неполный	a	25.9
непонятный	a	26.5
непосредственно	adv	130.8
непосредственный	a	87.8
неправильный	a	40.0
непременно	adv	19.9
непрерывно	adv	20.7
непрерывный	a	59.5
неприятный	a	25.5
нерв	s	52.6
нервный	a	62.3
нередко	adv	74.3
несколько	adv	103.3
несколько	num	464.6
несмотря	adv	134.0
образование	s	492.0
образовательный	a	59.3
образовать	v	50.9
образоваться	v	95.1
образовывать	v	138.0
образовываться	v	27.3
обратить	v	98.9
обратиться	v	94.0
обратно	adv	38.6
обратный	a	102.0
обращать	v	51.7
обращаться	v	103.6
обращение	s	139.3
обряд	s	21.4
обследование	s	96.5
обследовать	v	28.6
обслуживание	s	101.6
обслуживать	v	22.0
обстановка	s	73.8
обстоятельство	s	218.1
обсудить	v	39.3
обсуждать	v	48.3
обсуждаться	v	44.4
обсуждение	s	91.0
обувь	s	28.0
обусловить	v	132.9
обусловливать	v	29.5
обучать	v	26.7
обучение	s	197.4
обширный	a	41.6
общаться	v	44.2
общее	s	21.8
общение	s	98.7
общепринятый	a	21.3
общероссийский	a	23.3
общественность	s	22.0
общественный	a	306.8
общество	s	667.0
общий	a	964.6
община	s	23.7
общность	s	37.7
объединение	s	145.5
объединить	v	64.6
объединять	v	42.3
объект	s	746.1
объективно	adv	26.1
объективный	a	107.2
объем	s	439.9
объемный	a	35.6
объявить	v	40.9
объявление	s	33.4
объяснение	s	83.6
объяснить	v	108.3
объяснять	v	66.3
объясняться	v	60.4
обыкновенный	a	36.7
обычай	s	27.9
обычно	adv	229.6
обычный	a	155.9
обязанность	s	192.7
осмотр	s	36.1
осмысление	s	18.9
оснастить	v	25.3
основа	s	710.9
основание	s	494.8
основать	v	132.7
основное	s	96.3
основной	a	824.3
основываться	v	40.9
особенно	adv	313.0
особенность	s	341.1
особенный	a	32.0
особо	adv	81.0
особый	a	306.0
особь	s	21.8
осознавать	v	26.5
осознание	s	28.8
осознать	v	19.4
оспаривать	v	18.6
оставаться	v	272.1
оставить	v	98.6
оставлять	v	61.9
остальное	spro	30.7
остальной	apro	116.5
остальные	spro	28.9
останавливаться	v	19.9
остановить	v	21.1
остановиться	v	46.9
остановка	s	34.6
остаток	s	63.5
остаться	v	213.0
остров	s	111.9
острый	a	78.0
осудить	v	20.7
осужденный	s	43.9
осуществить	v	70.5
осуществление	s	172.0
осуществлять	v	258.9
осуществляться	v	251.1
ось	s	63.3
от	pr	3955.0
отбор	s	55.3
отверстие	s	58.5
отвести	v	18.6
ответ	s	297.0
ответить	v	97.6
ответственность	s	221.6
ответственный	a	59.4
ответчик	s	74.4
отвечать	v	172.8
отвод	s	25.0
отдавать	v	49.4
отдать	v	66.6
отдел	s	130.5
отделение	s	100.3
отделить	v	24.6
отдельно	adv	54.9
отдельный	a	397.3
отделять	v	19.1
отдых	s	57.1
парный	a	19.1
партийный	a	22.7
партия	s	153.2
партнер	s	85.5
партнерство	s	26.7
паспорт	s	49.9
пассаж	s	29.6
пассажир	s	19.7
пассивный	a	27.5
патент	s	34.2
патология	s	23.7
пауза	s	28.4
пациент	s	80.4
педагог	s	40.7
педагогика	s	29.7
педагогический	a	66.2
пенсионный	a	41.4
пенсия	s	26.8
пептид	s	26.6
первичный	a	106.9
первоначально	adv	29.4
первоначальный	a	55.1
первый	anum	1306.0
перевести	v	40.1
перевод	s	140.4
переводить	v	27.3
переводчик	s	21.2
перевозка	s	71.7
переговоры	s	62.3
перед	pr	373.1
передавать	v	55.7
передаваться	v	45.0
передать	v	100.6
передача	s	198.6
передвижение	s	20.1
передний	a	118.0
передовой	a	26.0
переживание	s	57.8
переживать	v	45.2
пережить	v	26.3
перейти	v	88.8
перемена	s	40.9
переменная	s	44.8
переменный	a	32.4
перемещение	s	47.9
перенести	v	34.5
перенос	s	33.6
переносить	v	26.2
перепись	s	46.9
переработка	s	64.9
перераспределение	s	19.9
перерыв	s	26.8
пересечение	s	19.3
пересмотр	s	40.6
переставать	v	24.8
перестать	v	46.1
перестройка	s	34.8
переход	s	223.6
переходить	v	73.3
поддержание	s	51.7
поддержать	v	29.0
поддерживать	v	88.2
поддержка	s	152.3
поделиться	v	20.3
подземный	a	53.8
подключение	s	18.6
подлежать	v	141.9
подлинный	a	33.9
подложка	s	20.3
поднимать	v	28.3
подниматься	v	36.3
поднять	v	48.6
подняться	v	22.9
подобно	pr	34.2
подобный	a	470.6
подобрать	v	27.9
подождать	v	32.4
подозревать	v	18.7
подойти	v	52.2
подписание	s	21.8
подписать	v	48.6
подпись	s	43.1
подразделение	s	101.8
подразумевать	v	26.2
подробно	adv	55.4
подробность	s	20.8
подробный	a	35.9
подросток	s	47.8
подруга	s	59.1
по-другому	advpro	20.4
подрядчик	s	19.3
подсистема	s	48.2
подсказать	v	25.0
подсудимый	s	25.2
подсудность	s	19.7
подтвердить	v	79.7
подтверждать	v	85.0
подтверждаться	v	27.7
подтверждение	s	48.6
подтип	s	27.6
подумать	v	73.0
подход	s	317.7
подходить	v	81.8
подходящий	a	25.0
подчеркивать	v	51.1
подчеркнуть	v	63.0
подчинить	v	21.4
подчиняться	v	36.4
подъем	s	44.8
поезд	s	42.2
поездка	s	36.7
поехать	v	68.2
пожалуй	adv	40.1
пожалуйста	part	89.7
пожар	s	66.2
пожарный	a	26.8
пожелание	s	18.9
пожилой	a	26.7
поза	s	25.1
посетитель	s	19.1
посетить	v	20.8
поскольку	conj	322.8
послать	v	29.7
после	pr	993.6
последний	a	611.9
последовательно	adv	34.8
последовательность	s	143.6
последовательный	a	50.6
последствие	s	129.3
последующий	a	152.1
послужить	v	35.6
посмотреть	v	148.0
пособие	s	53.5
посоветовать	v	30.3
посол	s	23.9
посредством	pr	71.7
пост	s	59.5
поставить	v	212.9
поставка	s	82.0
поставлять	v	21.4
поставщик	s	44.3
постановка	s	69.3
постановление	s	231.5
постараться	v	32.9
постель	s	31.0
постепенно	adv	92.3
постепенный	a	22.4
посторонний	a	20.1
постоянно	adv	142.8
постоянный	a	185.6
построение	s	166.1
построить	v	157.6
постройка	s	45.0
поступать	v	89.7
поступить	v	72.6
поступление	s	60.2
поступок	s	36.8
посуда	s	23.1
потенциал	s	122.5
потенциальный	a	63.9
потерпевший	s	34.4
потеря	s	100.6
потерять	v	53.4
поток	s	140.3
потом	advpro	445.2
потому	advpro	425.4
потребитель	s	105.0
потребительский	a	50.7
потребление	s	87.0
потребность	s	191.7
потребовать	v	44.5
потребоваться	v	31.2
поход	s	23.6
похоже	adv	20.4
похожий	a	90.8
почва	s	113.5
почему	advpro	309.9
преподаватель	s	43.0
препятствие	s	39.7
препятствовать	v	41.8
пресечение	s	19.5
пресса	s	19.5
преступление	s	110.8
претендовать	v	23.2
претензия	s	31.2
при	pr	3460.2
прибегать	v	18.8
приближение	s	23.3
приблизительно	adv	27.7
прибор	s	74.8
прибыль	s	70.1
прибыть	v	27.8
приватизация	s	27.3
приведение	s	24.1
привезти	v	29.9
привести	v	382.0
привет	s	77.6
приветствовать	v	19.0
прививка	s	21.6
привить	v	21.0
привлекательный	a	25.8
привлекать	v	51.6
привлечение	s	64.0
привлечь	v	46.7
привод	s	19.5
приводить	v	241.5
приводиться	v	37.6
привыкнуть	v	40.1
привычка	s	26.4
привычный	a	34.3
пригласить	v	30.7
приглашать	v	27.9
приглашение	s	21.0
приговор	s	66.1
пригодный	a	20.8
приготовить	v	35.2
приготовление	s	31.1
придавать	v	53.7
придаток	s	36.1
придать	v	23.8
придерживаться	v	29.7
придумать	v	44.5
приезжать	v	39.3
прием	s	170.2
приемлемый	a	23.9
приехать	v	93.6
призвать	v	32.9
признавать	v	53.1
признаваться	v	57.8
признак	s	213.8
признание	s	134.0
признать	v	117.8
призыв	s	24.1
призывать	v	20.3
прийти	v	238.1
прийтись	v	108.4
приказ	s	74.6
произвольный	a	36.3
произойти	v	153.6
происходить	v	388.6
происхождение	s	83.5
пройти	v	234.6
прокуратура	s	52.0
прокурор	s	124.8
промежуток	s	26.9
промежуточный	a	60.9
промышленность	s	181.2
промышленный	a	146.6
проникать	v	24.6
проникновение	s	25.8
проницаемость	s	20.1
пропаганда	s	19.7
пропорция	s	18.9
пропуск	s	26.1
пропустить	v	23.1
просвещение	s	29.3
просить	v	93.1
проспект	s	19.1
простейший	a	22.7
простить	v	38.2
просто	adv	50.8
просто	part	585.0
простой	a	271.2
простота	s	26.7
пространственный	a	71.6
пространство	s	309.4
просьба	s	55.7
протекать	v	48.0
протест	s	23.7
против	pr	217.2
противник	s	103.9
противный	a	33.0
противовирусный	a	26.8
противодействие	s	25.8
противоположный	a	57.8
противоречивый	a	19.9
противоречие	s	79.4
противоречить	v	60.9
противостоять	v	20.3
протокол	s	114.1
протяжение	s	73.6
протяженность	s	22.9
профессионал	s	21.3
профессиональный	a	162.4
профессия	s	42.5
профессор	s	89.5
профилактика	s	36.3
профилактический	a	19.5
профиль	s	71.7
проход	s	19.6
проходить	v	152.0
прохождение	s	33.7
процедура	s	155.7
процент	s	179.8
разрешить	v	46.6
разрушение	s	53.6
разрушить	v	25.0
разрыв	s	45.8
разряд	s	36.7
разум	s	45.3
разумеется	adv	60.9
разумный	a	43.5
разъяснение	s	23.9
район	s	247.2
районный	a	34.8
ракета	s	68.2
ракетный	a	34.2
рамка	s	258.4
ранг	s	32.3
ранее	adv	165.5
ранний	a	211.4
рано	adv	82.4
раскрывать	v	20.5
раскрытие	s	22.2
раскрыть	v	23.1
распад	s	31.3
расписание	s	24.0
распознавание	s	20.1
располагать	v	37.4
располагаться	v	62.7
расположение	s	52.8
расположить	v	174.9
распоряжение	s	83.1
распределение	s	184.0
распределенный	a	19.3
распространение	s	154.2
распространить	v	79.2
распространяться	v	53.5
рассказ	s	72.6
рассказать	v	101.2
рассказывать	v	94.4
расследование	s	26.8
рассматривать	v	262.5
рассматриваться	v	147.7
рассмотрение	s	240.4
рассмотреть	v	190.2
расстояние	s	116.1
расстройство	s	26.8
рассуждать	v	22.1
рассуждение	s	55.9
рассчитать	v	62.4
рассчитывать	v	42.2
рассчитываться	v	20.7
раствор	s	137.6
растворитель	s	19.4
растение	s	314.3
расти	v	130.2
растительность	s	28.8
растительный	a	45.0
расторжение	s	27.3
расход	s	195.6
расхождение	s	21.8
расчет	s	255.6
расчетный	a	38.7
русский	a	439.7
русский	s	35.3
ручей	s	26.9
ручка	s	31.2
ручной	a	26.3
рыба	s	49.7
рынок	s	354.4
рыночный	a	86.1
ряд	s	426.3
рядом	adv	112.9
с	pr	11425.4
сад	s	231.6
садиться	v	23.5
садовый	a	25.2
сайт	s	68.2
салон	s	27.8
сам	apro	1326.3
самец	s	133.0
самка	s	114.0
самолет	s	115.1
самоорганизация	s	19.9
самооценка	s	18.6
самосознание	s	21.3
самостоятельно	adv	54.2
самостоятельность	s	21.4
самостоятельный	a	102.1
самоуправление	s	75.5
самый	apro	735.6
санитарный	a	19.2
санкция	s	23.7
сантиметр	s	33.2
сахар	s	35.0
сбоку	adv	23.7
сбор	s	115.4
сборка	s	19.7
сборник	s	43.0
сбыт	s	21.2
свадьба	s	25.2
сварной	a	19.8
сведение	s	232.8
свежий	a	48.4
свекровь	s	25.4
сверху	adv	71.8
свести	v	28.1
свет	s	199.3
светлый	a	78.5
световой	a	29.3
свидание	s	23.6
свидетель	s	53.8
свидетельство	s	75.4
свидетельствовать	v	172.9
свинка	s	21.4
свинья	s	28.2
свобода	s	213.6
свободно	adv	33.0
свободный	a	165.4
свод	s	27.5
сводиться	v	41.9
слабый	a	99.8
слава	s	45.7
слева	adv	20.9
слегка	adv	83.1
след	s	45.4
следить	v	40.7
следователь	s	46.1
следовательно	adv	127.7
следовать	v	510.4
следственный	a	26.1
следствие	s	101.6
следующий	a	522.3
слеза	s	18.7
слизистый	a	23.3
слишком	adv	126.3
слияние	s	28.6
словарь	s	51.0
словно	conj	25.8
слово	s	670.5
сложиться	v	104.7
сложно	adv	37.6
сложность	s	89.5
сложный	a	281.7
слой	s	189.8
служащий	s	35.9
служба	s	297.6
служебный	a	46.8
служить	v	184.5
слух	s	27.3
случай	s	1259.0
случайно	adv	56.7
случайный	a	69.5
случаться	v	23.3
случиться	v	54.3
слушатель	s	20.0
слушать	v	107.1
слышать	v	95.0
смазка	s	22.3
смежный	a	19.6
смена	s	85.1
смерть	s	150.3
смесь	s	103.3
смех	s	69.2
смешанный	a	37.7
смешной	a	19.8
смещение	s	22.4
смеяться	v	57.2
смотреть	v	677.2
смочь	v	155.1
смысл	s	433.7
смысловой	a	33.6
снабжение	s	19.7
сначала	adv	132.7
снег	s	36.3
снижать	v	36.9
снижаться	v	42.9
снижение	s	173.4
снизить	v	38.5
снизиться	v	26.1
снизу	adv	34.2
сохранить	v	68.7
сохраниться	v	54.4
сохранность	s	23.0
сохранять	v	65.7
сохраняться	v	64.6
социализм	s	31.2
социалистический	a	56.4
социально-экономический	a	68.2
социальный	a	614.6
социологический	a	45.2
социология	s	40.5
сочетание	s	90.7
сочетать	v	20.9
сочетаться	v	24.1
сочинение	s	85.9
союз	s	111.9
союзный	a	19.7
спасение	s	27.1
спасибо	adv	73.2
спасибо	part	42.4
спасибо	s	35.1
спасти	v	24.8
спать	v	107.4
спектакль	s	24.6
спектр	s	107.0
спектральный	a	18.7
специализация	s	23.6
специализированный	a	65.7
специалист	s	262.4
специально	adv	87.6
специальность	s	42.6
специальный	a	285.6
специфика	s	62.3
специфический	a	93.1
специфичность	s	18.8
спина	s	39.6
спирт	s	20.6
список	s	103.0
сплав	s	43.5
сплошной	a	34.0
спокойно	adv	36.1
спокойный	a	38.8
спор	s	156.0
спорить	v	22.4
спорный	a	24.8
спорт	s	32.5
спортивный	a	32.3
способ	s	386.7
способность	s	219.8
способный	a	178.9
способствовать	v	156.6
справа	adv	20.9
справедливо	adv	21.2
справедливость	s	44.4
справедливый	a	38.6
справиться	v	21.4
справка	s	41.4
субъективный	a	59.8
суд	s	1153.9
судебный	a	525.5
судить	v	111.8
судно	s	44.1
судопроизводство	s	70.6
судьба	s	104.4
судья	s	195.5
суждение	s	45.0
суметь	v	29.9
сумма	s	217.0
суммарный	a	44.6
суп	s	26.1
супруг	s	52.5
суспензия	s	32.1
сустав	s	30.3
сутки	s	124.3
суть	s	112.7
сухой	a	73.2
существенно	adv	125.3
существенный	a	189.2
существо	s	128.0
существование	s	170.4
существовать	v	404.5
существующий	a	89.8
сущность	s	109.7
сфера	s	306.0
сформировать	v	54.2
сформироваться	v	26.9
сформулировать	v	65.9
схема	s	276.8
сходить	v	46.2
сходный	a	45.9
сходство	s	40.3
сцена	s	57.9
сценарий	s	27.8
счастливый	a	47.4
счастье	s	70.8
счет	s	386.7
считать	v	453.0
считаться	v	148.5
съезд	s	44.2
съемка	s	24.2
съесть	v	21.7
сыворотка	s	140.2
сыграть	v	40.1
сын	s	116.5
сырье	s	95.3
сюда	advpro	63.5
сюжет	s	47.9
таблетка	s	21.2
таблица	s	380.3
тайна	s	78.9
тайный	a	21.4
так	advpro	2902.2
также	adv	1444.5
таки	part	20.5
таков	apro	56.4
таковой	apro	93.4
такой	apro	2963.7
тратить	v	21.1
требование	s	513.6
требовать	v	271.5
требоваться	v	98.6
тревога	s	29.7
тренировка	s	22.0
третейский	a	54.8
третий	anum	261.0
треть	s	37.9
треугольник	s	30.7
треугольный	a	22.6
трехмерный	a	27.9
трещина	s	30.8
три	num	525.6
тридцать	num	53.5
триста	num	21.4
труба	s	80.0
трубка	s	36.7
трубопровод	s	35.9
труд	s	437.3
трудно	adv	121.4
трудность	s	76.0
трудный	a	51.6
трудовой	a	133.4
туда	advpro	109.1
тупой	a	20.1
тут	advpro	314.5
тщательно	adv	33.0
ты	spro	1315.1
тысяча	s	358.2
тысячелетие	s	20.0
тюрьма	s	18.6
тяжело	adv	29.4
тяжелый	a	110.8
тяжесть	s	39.3
тяжкий	a	24.1
тянуть	v	24.4
у	pr	3372.5
убедить	v	27.1
убедиться	v	37.2
убеждение	s	36.5
убийство	s	22.6
убить	v	31.8
убрать	v	26.1
убыток	s	45.7
уважаемый	a	34.8
уважать	v	18.9
уважение	s	42.4
уведомление	s	25.3
увеличение	s	207.8
увеличивать	v	39.9
увеличиваться	v	60.1
увеличить	v	60.0
увеличиться	v	54.3
уверенность	s	35.6
уверенный	a	59.6
увидеть	v	152.1
увы	intj	26.3
углеводород	s	20.3
углерод	s	28.6
установление	s	126.6
установленный	a	84.1
устать	v	23.9
устный	a	22.4
устойчивость	s	72.3
устойчивый	a	97.5
устраивать	v	39.3
устранение	s	47.0
устранить	v	26.1
устроить	v	48.5
устройство	s	155.4
уступать	v	28.6
уступка	s	26.5
усыновление	s	27.5
утвердить	v	87.3
утверждать	v	111.1
утверждаться	v	22.7
утверждение	s	120.8
уточнение	s	31.0
уточнить	v	25.9
утрата	s	32.1
утратить	v	45.5
утро	s	103.2
ухо	s	38.4
уход	s	65.9
уходить	v	75.0
ухудшение	s	19.0
участвовать	v	188.7
участие	s	320.5
участник	s	268.1
участок	s	372.9
учащийся	s	63.2
учеба	s	31.6
учебник	s	52.2
учебный	a	158.1
учение	s	78.3
ученик	s	70.0
ученый	a	26.5
ученый	s	194.7
учесть	v	54.3
учет	s	335.4
училище	s	20.9
учитель	s	126.5
учитывать	v	154.7
учитываться	v	35.9
учить	v	53.0
учиться	v	102.5
учредитель	s	21.2
учредительный	a	24.2
учреждение	s	211.9
ущерб	s	68.0
фабрика	s	23.5
фаза	s	123.9
фазовый	a	33.5
файл	s	21.9
факс	s	42.2
факт	s	298.1
фактически	adv	80.7
фактический	a	64.8
фактор	s	314.6
целостность	s	37.4
целостный	a	36.9
целый	a	167.2
цель	s	674.7
цена	s	293.9
ценить	v	20.5
ценность	s	166.8
ценный	a	113.6
центр	s	345.0
централизованный	a	21.0
центральный	a	185.2
цепной	a	23.5
цепочка	s	36.0
цепь	s	113.7
церка	s	46.8
церковный	a	42.9
церковь	s	170.2
цех	s	31.8
цивилизация	s	57.4
цикл	s	130.4
цилиндр	s	20.5
циркулировать	v	22.2
циркуляция	s	20.9
цитировать	v	25.0
цитокин	s	27.8
цифра	s	52.2
цифровой	a	42.8
чай	s	40.8
чайный	a	23.8
час	s	422.4
частица	s	144.6
частично	adv	56.9
частичный	a	32.1
частность	s	233.1
частный	a	168.9
часто	adv	267.1
частота	s	82.9
частый	a	124.8
часть	s	1153.8
часы	s	26.4
чего	advpro	26.3
чей	apro	43.8
человек	s	1945.3
человеческий	a	230.0
человечество	s	67.7
чем	conj	729.8
чемпион	s	20.2
через	pr	626.2
черный	a	147.8
черт	s	31.2
черта	s	98.2
чертеж	s	37.3
честно	adv	39.3
честный	a	18.9
честь	s	40.3
четвертый	anum	70.5
четверть	s	31.0
четкий	a	62.7
четко	adv	77.1
электроэнергетика	s	20.3
электроэнергия	s	27.4
элемент	s	432.8
элементарный	a	52.8
элита	s	22.4
эмбрион	s	20.1
эмиссия	s	21.9
эмоциональный	a	53.1
эмоция	s	47.3
эмпирический	a	62.2
энергетика	s	38.6
энергетический	a	58.7
энергия	s	256.2
энтропия	s	20.8
энцефалит	s	25.6
эпидемический	a	41.6
эпидемия	s	18.9
эпизод	s	29.3
эпоха	s	141.6
эра	s	65.8
эстетический	a	39.4
этаж	s	33.9
эталон	s	25.8
этап	s	259.5
этика	s	33.8
этический	a	25.4
этнический	a	49.9
этнос	s	19.4
это	part	489.3
это	spro	4716.9
этот	apro	5424.6
эфир	s	25.6
эффект	s	186.6
бы	part	1435.3
бывать	v	191.2
бывший	a	114.2
быстро	adv	137.0
быстрый	a	130.2
быт	s	27.2
бытие	s	78.7
бытовой	a	42.8
быть	v	9127.3
бюджет	s	133.7
бюджетный	a	63.5
бюллетень	s	24.5
бюро	s	21.1
в	pr	34589.4
вагон	s	31.7
важнейший	a	113.2
важно	adv	79.7
важность	s	41.8
важный	a	419.6
вакцина	s	94.7
вакцинация	s	39.6
вакцинный	a	20.8
вал	s	21.9
валентность	s	28.1
валовой	a	29.0
валюта	s	34.9
валютный	a	27.1
ванна	s	21.2
вариант	s	311.6
вариация	s	22.7
варить	v	21.2
варьировать	v	19.0
вахтенный	a	18.8
ваш	apro	416.3
вблизи	pr	27.7
введение	s	164.7
вверх	adv	61.4
ввести	v	116.5
ввиду	pr	32.0
ввод	s	43.1
вводить	v	59.3
вводиться	v	24.5
вдоль	pr	68.0
вдруг	adv	77.6
ведение	s	104.2
ведомство	s	46.4
ведущий	a	79.1
ведь	conj	120.9
ведь	part	214.9
везде	advpro	37.1
век	s	559.5
вексель	s	32.9
вектор	s	50.4
великий	a	168.1
великолепный	a	21.6
величина	s	201.0
вена	s	39.5
вера	s	77.2
веретено	s	18.8
верить	v	76.1
воздействовать	v	23.5
воздух	s	159.3
воздушно-космический	a	20.3
воздушный	a	82.7
возле	pr	24.7
возложить	v	31.0
возмещение	s	62.5
возможно	adv	155.7
возможность	s	784.0
возможный	a	355.8
вознаграждение	s	40.0
возникать	v	303.0
возникновение	s	122.9
возникнуть	v	157.0
возобновление	s	21.3
возражение	s	35.5
возраст	s	279.9
возрастать	v	64.4
возрасти	v	46.5
возрастной	a	61.8
возрождение	s	31.8
воинский	a	45.3
война	s	204.7
войско	s	111.2
войти	v	72.0
вокруг	pr	93.1
волна	s	99.2
волокно	s	60.3
волос	s	93.1
воля	s	87.0
вон	part	31.3
воображение	s	26.9
вообще	adv	503.3
вообще-то	part	18.6
вооружение	s	49.2
вооруженный	a	68.2
во-первых	adv	112.1
воплощение	s	27.7
вопреки	pr	19.9
вопрос	s	1180.9
ворота	s	20.1
восемь	num	52.4
воскресенье	s	24.1
воспитание	s	164.6
воспитатель	s	21.8
воспитательный	a	28.5
воспитывать	v	19.8
воспользоваться	v	35.6
воспоминание	s	47.6
воспринимать	v	60.3
восприниматься	v	38.1
воспринять	v	21.2
восприятие	s	127.2
воспроизведение	s	21.2
воспроизводство	s	42.2
восстановить	v	39.0
восстановление	s	100.3
восток	s	92.0
восточный	a	93.6
высоко	adv	159.1
высота	s	166.8
выставка	s	106.2
выступ	s	27.8
выступать	v	204.8
выступить	v	42.8
выступление	s	52.4
высший	a	209.8
вытекать	v	56.3
выход	s	160.0
выходить	v	106.3
выходной	a	27.3
выходной	s	25.1
вычисление	s	42.3
вычислительный	a	52.0
вычислить	v	25.5
вышестоящий	a	19.3
выявить	v	159.9
выявление	s	99.1
выявлять	v	29.2
выявляться	v	20.8
выяснение	s	20.6
выяснить	v	35.3
выясниться	v	25.4
вязкость	s	27.6
газ	s	249.0
газета	s	81.2
газовый	a	82.8
газопровод	s	34.5
галактика	s	45.0
гарантировать	v	39.7
гарантия	s	63.9
гармония	s	30.7
где	advpro	707.5
где-то	advpro	73.4
гель	s	37.8
ген	s	117.4
генерал	s	36.3
генеральный	a	93.7
генератор	s	23.4
генерация	s	29.2
генетический	a	74.1
геном	s	67.1
генотип	s	34.1
географический	a	40.6
геоинформационный	a	20.8
геологический	a	103.5
геометрический	a	34.1
геометрия	s	29.2
геофизический	a	25.9
геохимический	a	19.4
гепатит	s	72.3
германский	a	26.2
герой	s	105.2
герпес	s	20.5
гибель	s	56.5
гибкий	a	25.6
гигантский	a	21.8
гипотеза	s	70.8
девочка	s	124.4
девушка	s	115.1
девчонка	s	25.8
девять	num	32.9
дед	s	25.8
дедушка	s	19.7
дежурный	s	30.3
действие	s	837.3
действительно	adv	204.0
действительность	s	99.2
действительный	a	56.9
действовать	v	212.9
действующий	a	93.7
декабрь	s	86.2
декларация	s	29.3
декоративный	a	36.0
делать	v	553.4
делаться	v	61.9
делегация	s	27.9
деление	s	45.5
делить	v	18.8
делиться	v	45.2
дело	s	1339.5
деловой	a	63.3
демографический	a	28.6
демократический	a	36.9
демократия	s	28.5
демонстрировать	v	34.6
денежный	a	157.9
день	s	882.9
деньги	s	225.6
департамент	s	39.1
депутат	s	39.9
деревня	s	41.8
дерево	s	192.5
деревянный	a	43.7
держава	s	18.6
держать	v	87.2
держаться	v	33.4
десятилетие	s	61.8
десяток	s	62.5
десять	num	111.7
деталь	s	105.0
детальный	a	31.7
детский	a	187.4
детство	s	55.6
дефект	s	40.5
дефицит	s	31.6
деформация	s	29.5
дешевый	a	45.0
деяние	s	41.5
деятель	s	31.0
деятельность	s	927.8
диагноз	s	33.1
диагностика	s	66.2
диагностический	a	28.0
диаграмма	s	36.8
диалог	s	57.9
диаметр	s	86.7
диапазон	s	69.3
дошкольный	a	66.6
драгоценный	a	20.7
древесина	s	57.7
древесный	a	33.2
древний	a	105.3
древостой	s	34.1
дробный	a	28.5
друг	s	553.4
другое	spro	183.1
другой	apro	2224.6
дружба	s	29.9
дуб	s	32.4
дуга	s	18.6
дума	s	58.4
думать	v	427.2
дух	s	99.7
духовный	a	104.6
душа	s	166.1
душевный	a	24.8
дыра	s	20.5
дыхание	s	29.0
европейский	a	173.2
его	apro	2217.6
еда	s	27.2
едва	adv	39.9
единица	s	162.6
единичный	a	33.1
единственный	a	142.0
единство	s	77.2
единый	a	242.2
ее	apro	1102.8
ежегодно	adv	35.6
ежегодный	a	27.8
ездить	v	51.0
елка	s	20.3
ель	s	20.3
емкость	s	27.6
если	conj	2077.5
естественно	adv	94.8
естественный	a	191.4
естествознание	s	20.9
есть	v	64.6
ехать	v	69.8
еще	adv	1321.6
еще	part	125.4
ж	part	105.6
жалко	adv	30.8
жалоба	s	97.8
жаль	adv	25.2
жанр	s	30.8
ждать	v	123.0
же	conj	68.6
же	part	2115.5
желание	s	122.1
желательно	adv	21.8
желать	v	84.0
железа	s	53.0
железнодорожный	a	39.4
железный	a	50.7
железо	s	43.4
западный	a	160.6
запас	s	124.5
запах	s	41.6
записать	v	47.3
записка	s	32.9
записывать	v	22.3
запись	s	116.8
заповедник	s	21.0
заполнение	s	26.4
заполнить	v	31.6
заполнять	v	18.9
запомнить	v	20.4
запрет	s	33.3
запретить	v	41.8
запрещаться	v	24.4
запрос	s	86.4
запуск	s	21.1
заработать	v	19.9
заработный	a	68.5
заработок	s	18.6
заражение	s	62.8
заразить	v	28.6
заранее	adv	53.0
зарегистрировать	v	75.9
зарплата	s	35.0
зарубежный	a	89.2
заряд	s	46.5
заседание	s	137.0
заседатель	s	25.6
заслуга	s	24.0
заслуживать	v	29.7
заставить	v	37.3
заставлять	v	41.7
застраховать	v	18.6
застройка	s	26.1
затем	adv	262.4
зато	conj	67.4
затрагивать	v	25.5
затрата	s	149.1
зафиксировать	v	38.0
захват	s	28.9
заходить	v	32.8
захотеть	v	31.2
зачастую	adv	40.8
зачем	advpro	99.8
защита	s	340.4
защитить	v	38.4
защитник	s	28.6
защитный	a	51.9
защищать	v	48.0
заявитель	s	54.8
заявить	v	76.1
заявка	s	67.8
заявление	s	223.4
заявлять	v	30.4
звание	s	24.5
звать	v	34.0
звезда	s	84.0
звено	s	60.7
зверь	s	21.0
иллюстрация	s	30.7
именно	part	554.4
именовать	v	22.0
иметь	v	1439.7
иметься	v	261.0
иммунизация	s	32.7
иммунитет	s	40.8
иммунный	a	45.6
император	s	27.9
империя	s	41.5
импорт	s	43.1
импортный	a	24.8
импульс	s	49.4
имущественный	a	44.5
имущество	s	292.6
имхо	adv	20.5
имя	s	332.2
иначе	advpro	103.4
иначе	conj	24.6
инвестиционный	a	78.7
инвестиция	s	88.0
инвестор	s	30.5
индекс	s	71.2
индивид	s	124.6
индивидуальный	a	190.9
индикатор	s	26.1
инженер	s	45.5
инженерный	a	26.6
инициатива	s	77.1
инновационный	a	37.1
иногда	adv	215.2
иной	apro	787.5
иностранный	a	227.5
инстанция	s	111.0
инстинкт	s	19.0
институт	s	322.4
институциональный	a	19.7
инструкция	s	80.0
инструмент	s	112.9
интегральный	a	27.8
интеграция	s	56.3
интегрировать	v	41.8
интеллект	s	31.4
интеллектуальный	a	104.0
интеллигенция	s	22.2
интенсивно	adv	18.8
интенсивность	s	65.7
интенсивный	a	56.2
интервал	s	75.3
интервью	s	19.3
интерес	s	400.9
интересно	adv	90.5
интересный	a	163.3
интересовать	v	49.5
интересоваться	v	22.7
интернет	s	74.4
интерпретация	s	77.9
интерфейс	s	32.4
квартал	s	26.2
квартира	s	124.4
килограмм	s	24.1
километр	s	43.5
кино	s	26.5
кислород	s	65.3
кислота	s	77.0
кисть	s	25.2
китайский	a	94.4
кишка	s	24.6
клапан	s	33.5
класс	s	316.6
классификация	s	88.5
классический	a	104.2
классный	a	26.0
кластер	s	37.3
класть	v	26.1
клей	s	19.8
клетка	s	398.6
клеточный	a	65.1
клещ	s	18.7
клиент	s	125.4
климат	s	33.0
климатический	a	22.8
клиника	s	28.3
клинический	a	75.2
клуб	s	53.3
ключ	s	49.2
ключевой	a	93.3
книга	s	329.0
книжка	s	47.5
кнопка	s	24.4
князь	s	43.0
ко	pr	113.7
когда	advpro	105.2
когда	conj	1088.5
когда-то	advpro	35.4
когнитивный	a	30.6
код	s	62.3
кодекс	s	277.7
кожа	s	175.3
кой	apro	28.0
колбаса	s	28.6
колбасный	a	24.3
колебание	s	62.2
колебаться	v	23.5
колено	s	30.3
колесо	s	37.2
количественный	a	65.5
количество	s	415.7
коллега	s	53.5
коллегия	s	47.8
коллектив	s	71.3
коллективный	a	68.4
коллекция	s	44.1
колонна	s	36.9
колхоз	s	18.7
кольцо	s	42.3
команда	s	116.1
командир	s	105.4
краткосрочный	a	19.2
кредит	s	76.2
кредитный	a	78.2
кредитор	s	84.8
крем	s	70.8
кремний	s	21.8
крепкий	a	30.7
крепость	s	33.9
крест	s	24.7
крестьянин	s	35.6
крестьянский	a	21.5
кривая	s	47.9
кризис	s	70.1
кристалл	s	48.7
критерий	s	170.2
критик	s	19.1
критика	s	52.1
критический	a	59.3
кричать	v	23.5
кровать	s	26.1
кровь	s	183.1
кроме	pr	391.4
крона	s	31.6
круг	s	148.2
круглый	a	42.4
крупнейший	a	50.9
крупный	a	262.3
крутой	a	21.6
крыло	s	85.0
крыша	s	28.6
крышка	s	22.2
кстати	adv	155.1
кто	spro	635.7
кто-нибудь	spro	34.1
кто-то	spro	120.9
кубический	a	29.0
куда	advpro	130.5
культ	s	25.3
культура	s	425.0
культуральный	a	23.8
культурный	a	125.1
купить	v	156.1
купля-продажа	s	24.3
курить	v	25.1
курица	s	20.7
курс	s	157.6
кусок	s	39.1
кусочек	s	23.5
куст	s	24.0
кустарник	s	23.7
кухня	s	32.2
куча	s	23.7
лаборатория	s	82.7
лабораторный	a	40.8
лагерь	s	39.5
ладно	adv	22.2
ладно	part	81.1
лазерный	a	23.9
лампа	s	18.6
ландшафт	s	34.4
медаль	s	21.6
медиальный	a	69.6
медицина	s	40.2
медицинский	a	151.0
медленно	adv	33.9
медленный	a	26.7
медный	a	20.0
медь	s	27.4
между	pr	942.8
международный	a	421.1
мелкий	a	105.1
мельница	s	18.6
мембрана	s	30.7
менеджер	s	30.8
менеджмент	s	22.9
менее	adv	245.2
меньше	num	79.1
меньший	a	98.7
менять	v	63.8
меняться	v	84.4
мера	s	484.5
мероприятие	s	135.1
мертвый	a	29.6
местность	s	49.5
местный	a	203.0
место	s	925.7
месторождение	s	137.6
месяц	s	378.4
месячный	a	20.2
металл	s	138.9
металлический	a	48.3
металлургический	a	20.7
металлургия	s	24.8
метан	s	26.1
метод	s	772.3
методика	s	147.3
методический	a	47.4
методологический	a	47.6
методология	s	58.8
метр	s	77.0
метро	s	21.1
механизм	s	284.5
механика	s	33.0
механический	a	69.1
мечта	s	26.7
мечтать	v	27.0
мешать	v	57.2
мешок	s	22.0
миг	s	36.1
мигрант	s	21.7
миграция	s	47.6
милиция	s	32.5
миллиард	s	26.1
миллион	s	79.1
милый	a	40.3
мина	s	69.7
минерал	s	38.8
минеральный	a	42.4
назвать	v	211.1
наземный	a	27.8
назначать	v	19.0
назначаться	v	21.7
назначение	s	139.7
назначить	v	61.2
называть	v	307.8
называться	v	130.8
наиболее	adv	407.3
наибольший	a	95.0
наилучший	a	24.1
наименование	s	69.8
наименьший	a	20.9
найти	v	329.4
найтись	v	22.9
наказание	s	89.1
наказываться	v	41.4
наконец	adv	115.4
накопить	v	38.9
накопление	s	57.5
наличие	s	322.7
налог	s	121.6
налоговый	a	129.1
налогообложение	s	28.7
налогоплательщик	s	18.7
наложение	s	60.8
наложить	v	20.6
намерение	s	30.7
наметить	v	29.2
намного	adv	37.8
нанесение	s	29.2
нанести	v	45.9
наносить	v	44.5
наоборот	adv	98.0
нападение	s	29.4
написать	v	239.0
напоминать	v	69.6
напомнить	v	38.6
направить	v	206.2
направление	s	393.6
направленность	s	34.4
направлять	v	42.9
направляться	v	37.6
например	adv	677.0
напротив	adv	47.3
напряжение	s	91.2
напряженность	s	22.8
напряженный	a	18.8
наращивание	s	19.9
нарезать	v	22.9
нарисовать	v	24.3
наркотик	s	38.5
народ	s	227.9
народный	a	137.0
наружный	a	61.6
нарушать	v	38.2
нарушение	s	287.8
нарушить	v	49.0
наряду	adv	81.6
несовершеннолетний	a	37.9
несомненно	adv	37.3
несоответствие	s	24.6
несостоятельность	s	26.2
нести	v	122.3
несчастный	a	21.8
нет	adv	656.0
нет	part	440.3
нету	adv	29.2
неудача	s	22.1
неужели	part	28.4
неформальный	a	35.5
нефть	s	93.3
нефтяной	a	30.0
нечего	advpro	25.8
нечто	spro	65.4
ни	conj	254.4
ни	part	395.7
нигде	advpro	24.4
ниже	adv	37.3
нижегородский	a	21.8
нижний	a	156.4
низкий	a	273.2
никак	advpro	72.9
никакой	apro	224.0
никогда	advpro	174.7
никто	spro	199.1
никуда	advpro	21.3
нить	s	27.0
ничто	spro	434.0
ниша	s	19.9
но	conj	3138.7
новейший	a	25.2
новинка	s	23.3
новость	s	34.2
новый	a	1372.4
нога	s	161.8
ноготь	s	25.2
нож	s	38.8
ножка	s	20.3
номер	s	120.1
номинальный	a	22.4
норма	s	309.8
нормально	adv	42.2
нормальный	a	179.5
норматив	s	31.2
нормативный	a	136.6
нос	s	43.4
носитель	s	84.0
носить	v	113.8
нотариальный	a	25.1
нотариус	s	27.8
ночной	a	30.3
ночь	s	138.9
ноябрь	s	68.9
нравиться	v	140.6
нравственный	a	50.4
ну	part	1293.3
обязанный	a	95.2
обязательно	adv	111.4
обязательный	a	144.8
обязательство	s	142.4
обязать	v	49.0
овощи	s	25.0
овца	s	19.0
оговорка	s	24.4
огонь	s	64.2
ограничение	s	147.7
ограниченный	a	64.9
ограничивать	v	35.6
ограничиваться	v	34.1
ограничить	v	57.6
огромный	a	166.8
одежда	s	60.8
один	anum	416.7
один	apro	1976.9
одинаково	adv	23.1
одинаковый	a	99.6
однажды	adv	37.1
однако	adv	33.1
однако	conj	616.3
одновременно	adv	201.5
одновременный	a	34.9
однозначно	adv	31.3
однозначный	a	20.5
однородный	a	31.0
односторонний	a	19.4
одобрить	v	24.1
ожидание	s	44.7
ожидать	v	77.7
озеро	s	32.5
означать	v	138.0
ой	intj	105.5
оказание	s	64.4
оказать	v	48.6
оказаться	v	315.1
оказывать	v	119.6
оказываться	v	174.2
океан	s	33.7
окисление	s	34.2
окно	s	73.7
около	pr	252.6
окончание	s	89.2
окончательно	adv	28.2
окончательный	a	48.7
окончить	v	22.4
окрасить	v	23.1
окраска	s	61.1
окрестность	s	20.3
округ	s	87.4
округленный	a	33.9
округлый	a	31.4
окружать	v	30.2
окружающее	s	22.3
окружающий	a	150.9
окружение	s	28.0
оксид	s	20.5
октябрь	s	86.8
отдыхать	v	25.2
отец	s	134.0
отечественный	a	152.1
отзыв	s	24.2
отказ	s	129.3
отказать	v	26.9
отказаться	v	67.7
отказываться	v	30.5
отклонение	s	54.3
открывать	v	65.9
открываться	v	40.8
открытие	s	119.0
открытый	a	162.1
открыть	v	112.6
открыться	v	38.0
откуда	advpro	58.9
отличать	v	28.2
отличаться	v	192.5
отличие	s	172.3
отличительный	a	21.8
отлично	adv	36.1
отличный	a	59.1
отложение	s	39.6
отмена	s	50.2
отменить	v	32.0
отметить	v	330.7
отметка	s	20.3
отмечать	v	100.8
отмечаться	v	82.3
отнести	v	93.3
относительно	adv	58.9
относительно	pr	136.1
относительный	a	57.1
относить	v	33.0
относиться	v	336.6
отношение	s	1077.5
отнюдь	adv	37.4
отображение	s	28.3
отобрать	v	22.4
отойти	v	22.2
отправить	v	34.1
отправление	s	19.0
отпуск	s	36.2
отработка	s	23.9
отражать	v	120.2
отражаться	v	28.9
отражение	s	80.7
отразить	v	34.6
отраслевой	a	40.2
отрасль	s	201.7
отрезок	s	26.7
отрицание	s	20.1
отрицательный	a	79.9
отрицать	v	23.5
отросток	s	38.4
отряд	s	18.6
отсутствие	s	265.6
отсутствовать	v	111.5
отсчет	s	23.9
отсюда	advpro	67.5
переходный	a	36.9
перец	s	20.9
перечень	s	89.8
перечисленный	a	25.1
перечислить	v	36.3
период	s	505.3
периодически	adv	21.9
периодический	a	28.6
пермский	a	23.3
персонаж	s	29.9
персонал	s	65.6
перспектива	s	125.1
перспективный	a	75.2
песня	s	63.9
песок	s	37.3
петербургский	a	34.1
петь	v	40.5
печатный	a	24.6
печать	s	71.7
печень	s	49.0
печь	s	19.0
пиво	s	19.3
пик	s	27.1
пирамида	s	19.3
писатель	s	57.8
писать	v	360.1
письменный	a	82.4
письмо	s	297.9
питание	s	95.2
питательный	a	27.5
пить	v	80.1
пища	s	41.2
пищевой	a	52.2
плавание	s	20.6
плавать	v	18.6
плазма	s	26.2
плакать	v	28.4
план	s	362.2
планета	s	47.1
планирование	s	58.8
планировать	v	42.2
планироваться	v	23.3
пласт	s	61.7
пластинка	s	129.9
плата	s	109.9
платеж	s	79.7
платить	v	40.5
платформа	s	24.8
платье	s	21.5
племя	s	19.9
пленка	s	72.7
пленум	s	24.2
плечо	s	49.5
плита	s	36.5
плод	s	72.3
плоский	a	37.3
плоскость	s	59.7
плотность	s	87.7
плотный	a	38.3
плохо	adv	75.7
позволить	v	215.6
позволять	v	498.4
позвонить	v	52.3
поздний	a	165.1
поздно	adv	44.7
поздравлять	v	38.0
позитивный	a	47.4
позиция	s	275.9
познавательный	a	31.2
познакомиться	v	39.9
познание	s	81.0
поиск	s	170.0
поисковый	a	19.7
пойти	v	247.8
пока	adv	179.3
пока	conj	173.8
показание	s	49.9
показатель	s	455.1
показать	v	419.9
показаться	v	41.2
показывать	v	191.0
покинуть	v	19.2
покой	s	29.0
поколение	s	98.9
покров	s	28.0
покрывать	v	21.6
покрытие	s	68.3
покрыть	v	59.5
покупатель	s	80.1
покупать	v	74.5
покупка	s	43.3
пол	s	93.1
полагать	v	88.2
полгода	s	21.0
поле	s	257.6
полевой	a	32.4
полезный	a	134.6
полет	s	43.4
полимер	s	30.3
полимерный	a	35.2
политик	s	23.5
политика	s	199.5
политический	a	282.9
полк	s	26.7
полно	adv	26.9
полномочие	s	102.5
полностью	adv	196.6
полнота	s	46.5
полноценный	a	23.1
полный	a	394.6
половина	s	176.3
половой	a	150.4
положение	s	557.1
положительный	a	125.2
положить	v	87.8
полоса	s	94.8
полоска	s	22.9
полость	s	50.8
полтора	num	36.1
полуфабрикат	s	28.7
почему-то	advpro	36.4
почетный	a	23.7
почитать	v	26.7
почка	s	33.1
почта	s	34.8
почти	adv	304.7
почтовый	a	32.5
почувствовать	v	35.5
пошлина	s	25.7
поэзия	s	48.3
поэма	s	26.3
поэт	s	76.1
поэтический	a	31.5
поэтому	advpro	544.4
появиться	v	171.6
появление	s	125.8
появляться	v	122.0
пояс	s	30.3
правда	adv	134.1
правда	s	77.8
правило	s	561.4
правильно	adv	95.8
правильность	s	29.2
правильный	a	129.8
правительство	s	246.1
правление	s	28.6
право	s	1117.6
правовой	a	257.5
правонарушение	s	104.0
правоотношение	s	57.6
православный	a	51.3
правосудие	s	40.3
правый	a	183.0
праздник	s	93.4
праздничный	a	20.5
праймер	s	29.7
практика	s	324.5
практически	adv	232.5
практический	a	204.2
пребывание	s	55.1
превосходить	v	24.7
превратить	v	25.0
превратиться	v	35.0
превращаться	v	45.7
превращение	s	45.4
превысить	v	18.6
превышать	v	134.6
предварительно	adv	33.5
предварительный	a	112.8
предел	s	258.1
предельно	adv	20.6
предельный	a	37.2
предикат	s	20.8
предлагать	v	172.0
предлагаться	v	50.7
предложение	s	158.1
предложить	v	193.7
предмет	s	361.8
предметный	a	66.3
предназначить	v	100.1
прикладной	a	64.6
приложение	s	109.2
приложить	v	24.8
применение	s	457.3
применимый	a	20.9
применительно	adv	46.5
применить	v	53.4
применять	v	145.2
применяться	v	138.7
пример	s	324.4
примерно	adv	134.4
примесь	s	25.1
примечание	s	28.6
принадлежать	v	148.5
принадлежность	s	56.1
принести	v	63.9
принимать	v	263.6
приниматься	v	66.8
приносить	v	46.8
принудительный	a	50.4
принцип	s	468.6
принципиально	adv	54.8
принципиальный	a	60.3
принятие	s	195.3
принятый	a	33.6
принять	v	400.9
приобрести	v	84.4
приобретать	v	90.4
приобретение	s	63.2
приоритет	s	47.1
приоритетный	a	29.8
приостановление	s	26.1
природа	s	311.5
природный	a	201.9
прирост	s	44.5
прислать	v	31.1
присоединение	s	26.5
приспособление	s	21.1
пристав	s	21.4
пристав-исполнитель	s	27.1
приступить	v	25.0
присутствие	s	89.9
присутствовать	v	86.8
присущий	a	51.4
присяжный	a	21.4
приток	s	26.3
приходить	v	126.7
приходиться	v	158.2
причем	conj	214.3
причина	s	334.5
причинение	s	24.3
причинить	v	47.8
приятно	adv	35.3
приятный	a	50.8
про	pr	214.9
проанализировать	v	36.7
проба	s	58.3
проблема	s	884.5
процентный	a	24.3
процесс	s	1221.8
процессуальный	a	182.7
прочее	spro	56.0
прочесть	v	30.8
прочий	apro	95.2
прочитать	v	52.9
прочность	s	40.7
прочный	a	35.3
прошедший	a	21.4
прошлое	s	116.4
прошлый	a	112.5
проявить	v	26.4
проявиться	v	21.2
проявление	s	116.6
проявлять	v	44.0
проявляться	v	92.0
прямо	adv	73.9
прямо	part	79.3
прямой	a	229.2
прямоугольный	a	19.9
психика	s	52.3
психический	a	130.8
психолог	s	88.7
психологический	a	221.7
психология	s	273.4
птица	s	111.0
публикация	s	70.0
публичный	a	78.4
пункт	s	393.1
пуск	s	25.0
пустой	a	39.7
пусть	conj	18.6
пусть	part	118.0
путем	pr	169.0
путешествие	s	24.3
путь	s	378.7
пучок	s	25.0
пушкинский	a	36.6
пыль	s	21.0
пытаться	v	142.5
пьеса	s	20.5
пятнадцать	num	30.5
пятница	s	19.5
пятно	s	47.1
пятый	anum	47.5
пять	num	203.2
пятьдесят	num	40.1
работа	s	1766.4
работать	v	463.1
работник	s	186.1
работодатель	s	26.2
работоспособность	s	18.6
рабочий	a	232.0
рабочий	s	49.7
равенство	s	35.0
равно	adv	20.3
равновесие	s	42.0
равномерно	adv	23.4
расширение	s	109.9
расширить	v	63.5
расширять	v	23.1
расширяться	v	28.4
рациональный	a	67.1
реагировать	v	42.0
реакционный	a	21.8
реакция	s	270.0
реализация	s	277.0
реализовать	v	120.2
реализоваться	v	45.4
реально	adv	50.2
реальность	s	130.6
реальный	a	281.5
ребенок	s	1078.4
ребро	s	36.5
ребята	s	42.9
революционный	a	34.8
революция	s	86.4
регион	s	279.1
региональный	a	182.6
регистрационный	a	19.4
регистрация	s	186.6
регистрировать	v	28.5
регламент	s	29.7
регламентировать	v	25.6
регулирование	s	113.4
регулировать	v	63.6
регулироваться	v	22.4
регулярно	adv	26.9
регулярный	a	40.5
регулятор	s	26.5
регуляция	s	23.4
редактор	s	20.5
редакция	s	121.4
редкий	a	84.3
редко	adv	55.8
реестр	s	35.8
режим	s	227.9
резерв	s	31.9
резервуар	s	18.7
резкий	a	68.9
резко	adv	82.0
резолюция	s	30.5
результат	s	1030.5
рейтинг	s	30.3
река	s	109.9
реклама	s	92.5
рекламный	a	38.7
рекомбинантный	a	38.0
рекомендация	s	72.4
рекомендовать	v	63.3
рекомендоваться	v	28.3
реконструкция	s	44.0
религиозный	a	85.2
религия	s	59.1
рельеф	s	34.3
ремонт	s	112.7
рента	s	20.9
своевременный	a	33.3
своеобразный	a	54.1
свой	apro	2512.0
свойственный	a	38.6
свойство	s	368.1
свыше	pr	39.5
связанный	a	266.0
связать	v	367.5
связка	s	26.7
связывать	v	56.7
связываться	v	25.2
связь	s	809.1
святой	a	64.8
святой	s	21.6
священник	s	19.4
священный	a	30.1
сдавать	v	34.2
сдать	v	45.9
сдача	s	23.5
сдвиг	s	37.8
сделать	v	542.4
сделка	s	133.6
себе	part	23.1
себестоимость	s	22.4
себя	spro	1496.0
север	s	56.3
северный	a	112.5
сегмент	s	45.4
сегодня	adv	323.1
сегодняшний	a	65.9
седьмой	anum	19.3
сезон	s	58.0
сей	apro	125.3
сейчас	advpro	585.2
секрет	s	31.9
секретарь	s	42.5
секретный	a	23.3
секс	s	75.2
сексуальный	a	74.0
сектор	s	89.6
секунда	s	53.3
секция	s	27.5
село	s	24.4
сельский	a	100.0
сельскохозяйственный	a	80.3
семантика	s	26.6
семантический	a	63.3
семейный	a	75.7
семейство	s	57.2
семинар	s	47.5
семь	num	71.6
семья	s	237.8
семя	s	64.5
сентябрь	s	86.0
сервер	s	24.3
сервис	s	23.5
сердце	s	82.4
середина	s	108.4
серия	s	112.5
снимать	v	46.3
снимок	s	21.7
снова	adv	90.4
снятие	s	27.8
снять	v	58.6
со	pr	922.6
соавтор	s	19.3
собака	s	50.3
собирать	v	51.6
собираться	v	82.5
соблюдать	v	29.7
соблюдение	s	89.0
собор	s	66.8
собрание	s	145.5
собрать	v	80.3
собраться	v	29.6
собственник	s	60.8
собственно	adv	88.3
собственность	s	200.3
собственный	a	303.7
событие	s	240.3
совершать	v	51.0
совершаться	v	22.8
совершение	s	92.1
совершенно	adv	200.4
совершенный	a	35.9
совершенство	s	19.5
совершенствование	s	81.6
совершить	v	109.8
совесть	s	25.4
совет	s	294.1
советовать	v	29.7
советский	a	265.7
совещание	s	29.7
совместно	adv	65.6
совместный	a	126.5
совокупность	s	118.0
совокупный	a	22.2
совпадать	v	72.3
совпадение	s	25.7
совпасть	v	23.3
современник	s	29.4
современность	s	19.8
современный	a	443.9
совсем	adv	212.5
согласие	s	87.4
согласиться	v	62.3
согласно	pr	218.6
согласный	a	73.5
согласование	s	45.4
согласовать	v	26.8
согласоваться	v	20.3
соглашение	s	207.2
содействие	s	44.8
содействовать	v	22.2
содержание	s	420.3
содержательный	a	24.5
содержать	v	301.5
содержаться	v	114.1
спрашивать	v	81.4
спрос	s	74.3
спросить	v	79.3
спустя	pr	44.9
спутник	s	22.4
сравнение	s	264.3
сравнивать	v	33.8
сравнительно	adv	44.8
сравнительный	a	69.1
сравнить	v	69.9
сразу	adv	219.1
среда	s	393.5
среди	pr	282.8
средневековый	a	64.2
средневековье	s	37.6
среднее	s	61.4
средний	a	396.1
средство	s	853.3
срок	s	531.0
срочный	a	24.6
ссылаться	v	25.0
ссылка	s	60.3
стабилизация	s	22.6
стабильность	s	55.7
стабильный	a	43.3
ставить	v	112.3
ставиться	v	32.0
ставка	s	54.5
стадия	s	157.2
стакан	s	35.9
сталинский	a	19.8
сталкиваться	v	34.8
сталь	s	23.1
стандарт	s	104.2
стандартный	a	78.4
становиться	v	288.1
становление	s	50.8
станок	s	20.3
станция	s	71.5
стараться	v	87.1
старинный	a	18.6
старший	a	112.6
старый	a	165.6
статистика	s	155.9
статистический	a	215.7
статический	a	20.7
статус	s	111.4
стать	s	42.5
стать	v	808.7
статья	s	1363.0
стационарный	a	25.0
ствол	s	56.8
стебель	s	23.4
стекло	s	45.0
стена	s	86.7
стенка	s	79.5
степень	s	370.2
стереотип	s	26.1
стиль	s	107.8
стимул	s	23.6
такой-то	apro	18.8
тактика	s	18.9
тактический	a	20.3
талант	s	19.9
там	advpro	1005.4
там	part	48.2
таможенный	a	80.6
танец	s	21.2
тариф	s	38.6
татарин	s	22.0
твердый	a	89.0
твой	apro	135.0
творческий	a	88.8
творчество	s	75.6
театр	s	71.0
тезис	s	39.9
текст	s	235.8
текущий	a	94.6
телевидение	s	20.9
телевизор	s	30.7
телеграмма	s	23.3
телефон	s	98.9
телефонный	a	29.5
тело	s	426.9
тем	conj	20.1
тема	s	234.1
тематика	s	21.1
тематический	a	20.3
темный	a	101.0
темп	s	84.7
температура	s	255.3
температурный	a	29.3
тенденция	s	138.8
теневой	a	27.5
тень	s	41.0
теорема	s	39.7
теоретик	s	24.8
теоретически	adv	22.0
теоретический	a	151.4
теория	s	421.0
теперь	advpro	346.5
тепло	s	36.4
тепловой	a	52.7
теплый	a	53.3
терапия	s	29.7
термин	s	152.1
терминология	s	23.7
термоядерный	a	18.9
терпеть	v	25.6
территориальный	a	88.0
территория	s	370.1
терроризм	s	39.4
терять	v	47.6
тесно	adv	37.3
тесный	a	41.8
тест	s	73.1
тестирование	s	28.3
тесто	s	19.0
тест-система	s	22.5
тетя	s	20.3
углубление	s	25.1
угол	s	129.2
уголовный	a	179.8
уголь	s	49.6
угольный	a	28.3
угроза	s	88.0
угу	intj	118.5
удаваться	v	43.8
удаление	s	43.1
удалить	v	29.4
удалять	v	18.8
удар	s	162.5
ударный	a	26.5
удаться	v	111.0
удача	s	51.5
удачный	a	24.7
уделить	v	24.2
удельный	a	53.1
уделять	v	26.5
уделяться	v	24.8
удерживать	v	23.5
удивительный	a	42.3
удивляться	v	18.9
удлиненный	a	54.4
удобно	adv	25.4
удобный	a	65.4
удовлетворение	s	91.5
удовлетворить	v	31.7
удовлетворять	v	39.7
удовольствие	s	72.8
удостоверение	s	19.9
уезжать	v	19.5
уехать	v	37.3
уж	adv	46.5
уж	part	152.7
ужас	s	41.6
ужасный	a	24.9
уже	adv	1335.6
узел	s	112.9
узкий	a	98.7
узнавать	v	46.3
узнать	v	98.5
уйти	v	93.1
указ	s	60.3
указание	s	114.9
указанный	a	227.6
указать	v	235.4
указывать	v	118.9
указываться	v	42.9
укоротить	v	22.9
украинский	a	20.5
украсить	v	19.2
украшение	s	19.9
укрепление	s	66.2
улица	s	134.8
улучшение	s	70.0
улучшить	v	28.7
ум	s	76.9
умение	s	51.8
уменьшать	v	21.4
факультет	s	35.1
фамилия	s	56.9
фантазия	s	22.2
фантастический	a	18.6
фарш	s	22.2
февраль	s	64.0
федеральный	a	552.9
федерация	s	1003.1
феномен	s	53.7
фермент	s	34.3
фигура	s	89.7
физик	s	50.5
физика	s	120.8
физико-химический	a	19.7
физиологический	a	31.7
физический	a	296.6
фиксированный	a	24.8
фиксировать	v	30.8
фиксироваться	v	19.0
филиал	s	33.1
философ	s	52.3
философия	s	147.1
философский	a	82.9
фильм	s	48.6
фильтр	s	41.1
фильтрация	s	24.2
финансирование	s	81.3
финансовый	a	233.2
финансы	s	36.3
фирма	s	216.0
флаг	s	31.7
флот	s	40.6
флюид	s	21.0
фон	s	84.2
фонд	s	211.6
форма	s	922.6
формально	adv	18.8
формальный	a	68.9
формат	s	36.1
формирование	s	329.9
формировать	v	63.3
формироваться	v	91.0
формула	s	149.5
формулировка	s	36.9
форум	s	65.9
фотка	s	29.1
фото	s	58.4
фотография	s	55.0
фрагмент	s	98.9
фраза	s	62.2
фракция	s	32.9
французский	a	97.3
фронт	s	41.8
фундамент	s	26.1
фундаментальный	a	71.0
функциональный	a	101.9
функционирование	s	99.5
функционировать	v	34.8
четыре	num	194.7
чиновник	s	28.1
численность	s	96.4
число	s	896.7
чисто	adv	58.8
чистота	s	28.2
чистый	a	127.4
читатель	s	94.2
читать	v	187.0
член	s	271.0
членик	s	18.6
чрезвычайно	adv	53.6
чрезвычайный	a	36.8
чтение	s	46.5
что	advpro	48.4
что	conj	6522.8
что	spro	2539.7
чтоб	conj	80.1
чтобы	conj	927.8
что-либо	spro	23.3
что-нибудь	spro	72.5
что-то	spro	351.7
чувственный	a	21.0
чувствительность	s	46.3
чувствительный	a	35.4
чувство	s	163.4
чувствовать	v	106.4
чудесный	a	18.8
чудо	s	41.6
чужой	a	60.1
чуть	adv	80.9
чуть-чуть	adv	19.7
шаблон	s	21.6
шаг	s	157.6
шакал	s	21.4
шанс	s	30.1
шар	s	46.1
шахта	s	28.4
шестой	anum	24.8
шесть	num	97.7
шея	s	33.2
шип	s	18.8
ширина	s	75.2
широкий	a	311.5
широко	adv	99.0
шкала	s	45.2
шкаф	s	22.0
школа	s	383.4
школьник	s	43.3
школьный	a	61.4
шов	s	37.4
штаб	s	30.1
штамм	s	209.6
штат	s	46.2
штраф	s	94.2
штука	s	75.7
шум	s	34.2
шутка	s	22.3
щель	s	19.3
щенок	s	23.1
эффективно	adv	38.9
эффективность	s	222.8
эффективный	a	191.9
э-э	intj	37.7
юг	s	45.3
южный	a	94.4
юноша	s	25.2
юридический	a	315.2
юрисдикция	s	46.0
юрист	s	21.2
юстиция	s	39.7
я	spro	6204.0
яблоко	s	25.0
явиться	v	68.0
явление	s	233.8
являться	v	1509.5
явно	adv	56.9
явный	a	38.6
ядерный	a	78.4
ядро	s	93.8
язык	s	475.7
языковой	a	31.6
яйцо	s	47.4
якобы	part	28.7
якорь	s	120.8
январь	s	84.0
японский	a	50.7
яркий	a	68.6
ярко	adv	26.3
ярус	s	19.8
ясно	adv	78.4
ясный	a	54.4
ячейка	s	30.8
ящик	s	26.8
